player_name,team,position,season_projection,projected_average,espn_player_id,injury_status,source,source_url,season,scoring_preset_id
Josh Allen,BUF,QB,369.670,21.745,3918298,ACTIVE,ESPN 2026 PPR season projection,https://lm-api-reads.fantasy.espn.com/apis/v3/games/ffl/seasons/2026/segments/0/leaguedefaults/3?scoringPeriodId=0&view=kona_player_info,2026,3
Jahmyr Gibbs,DET,RB,364.863,21.463,4429795,ACTIVE,ESPN 2026 PPR season projection,https://lm-api-reads.fantasy.espn.com/apis/v3/games/ffl/seasons/2026/segments/0/leaguedefaults/3?scoringPeriodId=0&view=kona_player_info,2026,3
Puka Nacua,LAR,WR,356.301,20.959,4426515,QUESTIONABLE,ESPN 2026 PPR season projection,https://lm-api-reads.fantasy.espn.com/apis/v3/games/ffl/seasons/2026/segments/0/leaguedefaults/3?scoringPeriodId=0&view=kona_player_info,2026,3
Bijan Robinson,ATL,RB,352.778,20.752,4430807,ACTIVE,ESPN 2026 PPR season projection,https://lm-api-reads.fantasy.espn.com/apis/v3/games/ffl/seasons/2026/segments/0/leaguedefaults/3?scoringPeriodId=0&view=kona_player_info,2026,3
Christian McCaffrey,SF,RB,343.168,20.186,3117251,QUESTIONABLE,ESPN 2026 PPR season projection,https://lm-api-reads.fantasy.espn.com/apis/v3/games/ffl/seasons/2026/segments/0/leaguedefaults/3?scoringPeriodId=0&view=kona_player_info,2026,3
Ja'Marr Chase,CIN,WR,337.524,19.854,4362628,QUESTIONABLE,ESPN 2026 PPR season projection,https://lm-api-reads.fantasy.espn.com/apis/v3/games/ffl/seasons/2026/segments/0/leaguedefaults/3?scoringPeriodId=0&view=kona_player_info,2026,3
Jaxon Smith-Njigba,SEA,WR,326.744,19.220,4430878,ACTIVE,ESPN 2026 PPR season projection,https://lm-api-reads.fantasy.espn.com/apis/v3/games/ffl/seasons/2026/segments/0/leaguedefaults/3?scoringPeriodId=0&view=kona_player_info,2026,3
Amon-Ra St. Brown,DET,WR,323.956,19.056,4374302,ACTIVE,ESPN 2026 PPR season projection,https://lm-api-reads.fantasy.espn.com/apis/v3/games/ffl/seasons/2026/segments/0/leaguedefaults/3?scoringPeriodId=0&view=kona_player_info,2026,3
Lamar Jackson,BAL,QB,322.908,18.995,3916387,ACTIVE,ESPN 2026 PPR season projection,https://lm-api-reads.fantasy.espn.com/apis/v3/games/ffl/seasons/2026/segments/0/leaguedefaults/3?scoringPeriodId=0&view=kona_player_info,2026,3
Jalen Hurts,PHI,QB,320.270,18.839,4040715,ACTIVE,ESPN 2026 PPR season projection,https://lm-api-reads.fantasy.espn.com/apis/v3/games/ffl/seasons/2026/segments/0/leaguedefaults/3?scoringPeriodId=0&view=kona_player_info,2026,3
Drake Maye,NE,QB,319.398,18.788,4431452,ACTIVE,ESPN 2026 PPR season projection,https://lm-api-reads.fantasy.espn.com/apis/v3/games/ffl/seasons/2026/segments/0/leaguedefaults/3?scoringPeriodId=0&view=kona_player_info,2026,3
Jayden Daniels,WAS,QB,318.355,18.727,4426348,ACTIVE,ESPN 2026 PPR season projection,https://lm-api-reads.fantasy.espn.com/apis/v3/games/ffl/seasons/2026/segments/0/leaguedefaults/3?scoringPeriodId=0&view=kona_player_info,2026,3
Jonathan Taylor,IND,RB,316.522,18.619,4242335,ACTIVE,ESPN 2026 PPR season projection,https://lm-api-reads.fantasy.espn.com/apis/v3/games/ffl/seasons/2026/segments/0/leaguedefaults/3?scoringPeriodId=0&view=kona_player_info,2026,3
Joe Burrow,CIN,QB,304.742,17.926,3915511,ACTIVE,ESPN 2026 PPR season projection,https://lm-api-reads.fantasy.espn.com/apis/v3/games/ffl/seasons/2026/segments/0/leaguedefaults/3?scoringPeriodId=0&view=kona_player_info,2026,3
Jaxson Dart,NYG,QB,300.264,17.663,4689114,ACTIVE,ESPN 2026 PPR season projection,https://lm-api-reads.fantasy.espn.com/apis/v3/games/ffl/seasons/2026/segments/0/leaguedefaults/3?scoringPeriodId=0&view=kona_player_info,2026,3
Bo Nix,DEN,QB,296.225,17.425,4426338,ACTIVE,ESPN 2026 PPR season projection,https://lm-api-reads.fantasy.espn.com/apis/v3/games/ffl/seasons/2026/segments/0/leaguedefaults/3?scoringPeriodId=0&view=kona_player_info,2026,3
Justin Jefferson,MIN,WR,293.713,17.277,4262921,ACTIVE,ESPN 2026 PPR season projection,https://lm-api-reads.fantasy.espn.com/apis/v3/games/ffl/seasons/2026/segments/0/leaguedefaults/3?scoringPeriodId=0&view=kona_player_info,2026,3
CeeDee Lamb,DAL,WR,293.530,17.266,4241389,ACTIVE,ESPN 2026 PPR season projection,https://lm-api-reads.fantasy.espn.com/apis/v3/games/ffl/seasons/2026/segments/0/leaguedefaults/3?scoringPeriodId=0&view=kona_player_info,2026,3
De'Von Achane,MIA,RB,293.485,17.264,4429160,ACTIVE,ESPN 2026 PPR season projection,https://lm-api-reads.fantasy.espn.com/apis/v3/games/ffl/seasons/2026/segments/0/leaguedefaults/3?scoringPeriodId=0&view=kona_player_info,2026,3
Matthew Stafford,LAR,QB,293.200,17.247,12483,ACTIVE,ESPN 2026 PPR season projection,https://lm-api-reads.fantasy.espn.com/apis/v3/games/ffl/seasons/2026/segments/0/leaguedefaults/3?scoringPeriodId=0&view=kona_player_info,2026,3
Brock Purdy,SF,QB,292.472,17.204,4361741,ACTIVE,ESPN 2026 PPR season projection,https://lm-api-reads.fantasy.espn.com/apis/v3/games/ffl/seasons/2026/segments/0/leaguedefaults/3?scoringPeriodId=0&view=kona_player_info,2026,3
Patrick Mahomes,KC,QB,291.284,17.134,3139477,QUESTIONABLE,ESPN 2026 PPR season projection,https://lm-api-reads.fantasy.espn.com/apis/v3/games/ffl/seasons/2026/segments/0/leaguedefaults/3?scoringPeriodId=0&view=kona_player_info,2026,3
Trevor Lawrence,JAX,QB,288.292,16.958,4360310,ACTIVE,ESPN 2026 PPR season projection,https://lm-api-reads.fantasy.espn.com/apis/v3/games/ffl/seasons/2026/segments/0/leaguedefaults/3?scoringPeriodId=0&view=kona_player_info,2026,3
Dak Prescott,DAL,QB,286.760,16.868,2577417,ACTIVE,ESPN 2026 PPR season projection,https://lm-api-reads.fantasy.espn.com/apis/v3/games/ffl/seasons/2026/segments/0/leaguedefaults/3?scoringPeriodId=0&view=kona_player_info,2026,3
Justin Herbert,LAC,QB,283.607,16.683,4038941,ACTIVE,ESPN 2026 PPR season projection,https://lm-api-reads.fantasy.espn.com/apis/v3/games/ffl/seasons/2026/segments/0/leaguedefaults/3?scoringPeriodId=0&view=kona_player_info,2026,3
Caleb Williams,CHI,QB,281.692,16.570,4431611,ACTIVE,ESPN 2026 PPR season projection,https://lm-api-reads.fantasy.espn.com/apis/v3/games/ffl/seasons/2026/segments/0/leaguedefaults/3?scoringPeriodId=0&view=kona_player_info,2026,3
Ashton Jeanty,LV,RB,280.852,16.521,4890973,QUESTIONABLE,ESPN 2026 PPR season projection,https://lm-api-reads.fantasy.espn.com/apis/v3/games/ffl/seasons/2026/segments/0/leaguedefaults/3?scoringPeriodId=0&view=kona_player_info,2026,3
James Cook III,BUF,RB,279.626,16.449,4379399,ACTIVE,ESPN 2026 PPR season projection,https://lm-api-reads.fantasy.espn.com/apis/v3/games/ffl/seasons/2026/segments/0/leaguedefaults/3?scoringPeriodId=0&view=kona_player_info,2026,3
Jeremiyah Love,ARI,RB,278.475,16.381,4870808,QUESTIONABLE,ESPN 2026 PPR season projection,https://lm-api-reads.fantasy.espn.com/apis/v3/games/ffl/seasons/2026/segments/0/leaguedefaults/3?scoringPeriodId=0&view=kona_player_info,2026,3
Derrick Henry,BAL,RB,274.748,16.162,3043078,ACTIVE,ESPN 2026 PPR season projection,https://lm-api-reads.fantasy.espn.com/apis/v3/games/ffl/seasons/2026/segments/0/leaguedefaults/3?scoringPeriodId=0&view=kona_player_info,2026,3
Breece Hall,NYJ,RB,274.208,16.130,4427366,QUESTIONABLE,ESPN 2026 PPR season projection,https://lm-api-reads.fantasy.espn.com/apis/v3/games/ffl/seasons/2026/segments/0/leaguedefaults/3?scoringPeriodId=0&view=kona_player_info,2026,3
Kenneth Walker III,KC,RB,273.984,16.117,4567048,QUESTIONABLE,ESPN 2026 PPR season projection,https://lm-api-reads.fantasy.espn.com/apis/v3/games/ffl/seasons/2026/segments/0/leaguedefaults/3?scoringPeriodId=0&view=kona_player_info,2026,3
Saquon Barkley,PHI,RB,273.614,16.095,3929630,ACTIVE,ESPN 2026 PPR season projection,https://lm-api-reads.fantasy.espn.com/apis/v3/games/ffl/seasons/2026/segments/0/leaguedefaults/3?scoringPeriodId=0&view=kona_player_info,2026,3
Chase Brown,CIN,RB,272.089,16.005,4362238,ACTIVE,ESPN 2026 PPR season projection,https://lm-api-reads.fantasy.espn.com/apis/v3/games/ffl/seasons/2026/segments/0/leaguedefaults/3?scoringPeriodId=0&view=kona_player_info,2026,3
Rashee Rice,KC,WR,271.012,15.942,4428331,ACTIVE,ESPN 2026 PPR season projection,https://lm-api-reads.fantasy.espn.com/apis/v3/games/ffl/seasons/2026/segments/0/leaguedefaults/3?scoringPeriodId=0&view=kona_player_info,2026,3
Drake London,ATL,WR,269.762,15.868,4426502,ACTIVE,ESPN 2026 PPR season projection,https://lm-api-reads.fantasy.espn.com/apis/v3/games/ffl/seasons/2026/segments/0/leaguedefaults/3?scoringPeriodId=0&view=kona_player_info,2026,3
Jared Goff,DET,QB,268.542,15.797,3046779,ACTIVE,ESPN 2026 PPR season projection,https://lm-api-reads.fantasy.espn.com/apis/v3/games/ffl/seasons/2026/segments/0/leaguedefaults/3?scoringPeriodId=0&view=kona_player_info,2026,3
Daniel Jones,IND,QB,267.199,15.718,3917792,ACTIVE,ESPN 2026 PPR season projection,https://lm-api-reads.fantasy.espn.com/apis/v3/games/ffl/seasons/2026/segments/0/leaguedefaults/3?scoringPeriodId=0&view=kona_player_info,2026,3
Tyler Shough,NO,QB,265.987,15.646,4360689,ACTIVE,ESPN 2026 PPR season projection,https://lm-api-reads.fantasy.espn.com/apis/v3/games/ffl/seasons/2026/segments/0/leaguedefaults/3?scoringPeriodId=0&view=kona_player_info,2026,3
Baker Mayfield,TB,QB,264.774,15.575,3052587,ACTIVE,ESPN 2026 PPR season projection,https://lm-api-reads.fantasy.espn.com/apis/v3/games/ffl/seasons/2026/segments/0/leaguedefaults/3?scoringPeriodId=0&view=kona_player_info,2026,3
Omarion Hampton,LAC,RB,261.715,15.395,4685382,ACTIVE,ESPN 2026 PPR season projection,https://lm-api-reads.fantasy.espn.com/apis/v3/games/ffl/seasons/2026/segments/0/leaguedefaults/3?scoringPeriodId=0&view=kona_player_info,2026,3
Javonte Williams,DAL,RB,259.288,15.252,4361579,ACTIVE,ESPN 2026 PPR season projection,https://lm-api-reads.fantasy.espn.com/apis/v3/games/ffl/seasons/2026/segments/0/leaguedefaults/3?scoringPeriodId=0&view=kona_player_info,2026,3
Josh Jacobs,GB,RB,259.105,15.241,4047365,QUESTIONABLE,ESPN 2026 PPR season projection,https://lm-api-reads.fantasy.espn.com/apis/v3/games/ffl/seasons/2026/segments/0/leaguedefaults/3?scoringPeriodId=0&view=kona_player_info,2026,3
Jordan Love,GB,QB,258.961,15.233,4036378,ACTIVE,ESPN 2026 PPR season projection,https://lm-api-reads.fantasy.espn.com/apis/v3/games/ffl/seasons/2026/segments/0/leaguedefaults/3?scoringPeriodId=0&view=kona_player_info,2026,3
Kyler Murray,MIN,QB,250.608,14.742,3917315,ACTIVE,ESPN 2026 PPR season projection,https://lm-api-reads.fantasy.espn.com/apis/v3/games/ffl/seasons/2026/segments/0/leaguedefaults/3?scoringPeriodId=0&view=kona_player_info,2026,3
Chris Olave,NO,WR,250.448,14.732,4361370,QUESTIONABLE,ESPN 2026 PPR season projection,https://lm-api-reads.fantasy.espn.com/apis/v3/games/ffl/seasons/2026/segments/0/leaguedefaults/3?scoringPeriodId=0&view=kona_player_info,2026,3
Garrett Wilson,NYJ,WR,249.934,14.702,4569618,ACTIVE,ESPN 2026 PPR season projection,https://lm-api-reads.fantasy.espn.com/apis/v3/games/ffl/seasons/2026/segments/0/leaguedefaults/3?scoringPeriodId=0&view=kona_player_info,2026,3
Nico Collins,HOU,WR,249.009,14.648,4258173,ACTIVE,ESPN 2026 PPR season projection,https://lm-api-reads.fantasy.espn.com/apis/v3/games/ffl/seasons/2026/segments/0/leaguedefaults/3?scoringPeriodId=0&view=kona_player_info,2026,3
A.J. Brown,NE,WR,248.557,14.621,4047646,ACTIVE,ESPN 2026 PPR season projection,https://lm-api-reads.fantasy.espn.com/apis/v3/games/ffl/seasons/2026/segments/0/leaguedefaults/3?scoringPeriodId=0&view=kona_player_info,2026,3
C.J. Stroud,HOU,QB,246.570,14.504,4432577,ACTIVE,ESPN 2026 PPR season projection,https://lm-api-reads.fantasy.espn.com/apis/v3/games/ffl/seasons/2026/segments/0/leaguedefaults/3?scoringPeriodId=0&view=kona_player_info,2026,3
Travis Etienne Jr.,NO,RB,246.127,14.478,4239996,ACTIVE,ESPN 2026 PPR season projection,https://lm-api-reads.fantasy.espn.com/apis/v3/games/ffl/seasons/2026/segments/0/leaguedefaults/3?scoringPeriodId=0&view=kona_player_info,2026,3
Malik Nabers,NYG,WR,245.958,14.468,4595348,QUESTIONABLE,ESPN 2026 PPR season projection,https://lm-api-reads.fantasy.espn.com/apis/v3/games/ffl/seasons/2026/segments/0/leaguedefaults/3?scoringPeriodId=0&view=kona_player_info,2026,3
Sam Darnold,SEA,QB,242.558,14.268,3912547,ACTIVE,ESPN 2026 PPR season projection,https://lm-api-reads.fantasy.espn.com/apis/v3/games/ffl/seasons/2026/segments/0/leaguedefaults/3?scoringPeriodId=0&view=kona_player_info,2026,3
Trey McBride,ARI,TE,241.872,14.228,4361307,ACTIVE,ESPN 2026 PPR season projection,https://lm-api-reads.fantasy.espn.com/apis/v3/games/ffl/seasons/2026/segments/0/leaguedefaults/3?scoringPeriodId=0&view=kona_player_info,2026,3
Brock Bowers,LV,TE,240.944,14.173,4432665,ACTIVE,ESPN 2026 PPR season projection,https://lm-api-reads.fantasy.espn.com/apis/v3/games/ffl/seasons/2026/segments/0/leaguedefaults/3?scoringPeriodId=0&view=kona_player_info,2026,3
DeVonta Smith,PHI,WR,239.248,14.073,4241478,ACTIVE,ESPN 2026 PPR season projection,https://lm-api-reads.fantasy.espn.com/apis/v3/games/ffl/seasons/2026/segments/0/leaguedefaults/3?scoringPeriodId=0&view=kona_player_info,2026,3
Malik Willis,MIA,QB,239.089,14.064,4242512,ACTIVE,ESPN 2026 PPR season projection,https://lm-api-reads.fantasy.espn.com/apis/v3/games/ffl/seasons/2026/segments/0/leaguedefaults/3?scoringPeriodId=0&view=kona_player_info,2026,3
Zay Flowers,BAL,WR,238.793,14.047,4429615,ACTIVE,ESPN 2026 PPR season projection,https://lm-api-reads.fantasy.espn.com/apis/v3/games/ffl/seasons/2026/segments/0/leaguedefaults/3?scoringPeriodId=0&view=kona_player_info,2026,3
George Pickens,DAL,WR,238.480,14.028,4426354,ACTIVE,ESPN 2026 PPR season projection,https://lm-api-reads.fantasy.espn.com/apis/v3/games/ffl/seasons/2026/segments/0/leaguedefaults/3?scoringPeriodId=0&view=kona_player_info,2026,3
Bryce Young,CAR,QB,237.520,13.972,4685720,ACTIVE,ESPN 2026 PPR season projection,https://lm-api-reads.fantasy.espn.com/apis/v3/games/ffl/seasons/2026/segments/0/leaguedefaults/3?scoringPeriodId=0&view=kona_player_info,2026,3
Tetairoa McMillan,CAR,WR,236.473,13.910,4685472,ACTIVE,ESPN 2026 PPR season projection,https://lm-api-reads.fantasy.espn.com/apis/v3/games/ffl/seasons/2026/segments/0/leaguedefaults/3?scoringPeriodId=0&view=kona_player_info,2026,3
Davante Adams,LAR,WR,232.316,13.666,16800,ACTIVE,ESPN 2026 PPR season projection,https://lm-api-reads.fantasy.espn.com/apis/v3/games/ffl/seasons/2026/segments/0/leaguedefaults/3?scoringPeriodId=0&view=kona_player_info,2026,3
Geno Smith,NYJ,QB,232.307,13.665,15864,ACTIVE,ESPN 2026 PPR season projection,https://lm-api-reads.fantasy.espn.com/apis/v3/games/ffl/seasons/2026/segments/0/leaguedefaults/3?scoringPeriodId=0&view=kona_player_info,2026,3
Kyren Williams,LAR,RB,232.114,13.654,4430737,ACTIVE,ESPN 2026 PPR season projection,https://lm-api-reads.fantasy.espn.com/apis/v3/games/ffl/seasons/2026/segments/0/leaguedefaults/3?scoringPeriodId=0&view=kona_player_info,2026,3
Cam Skattebo,NYG,RB,230.385,13.552,4696981,ACTIVE,ESPN 2026 PPR season projection,https://lm-api-reads.fantasy.espn.com/apis/v3/games/ffl/seasons/2026/segments/0/leaguedefaults/3?scoringPeriodId=0&view=kona_player_info,2026,3
Emeka Egbuka,TB,WR,229.046,13.473,4567750,QUESTIONABLE,ESPN 2026 PPR season projection,https://lm-api-reads.fantasy.espn.com/apis/v3/games/ffl/seasons/2026/segments/0/leaguedefaults/3?scoringPeriodId=0&view=kona_player_info,2026,3
Quinshon Judkins,CLE,RB,226.378,13.316,4685702,ACTIVE,ESPN 2026 PPR season projection,https://lm-api-reads.fantasy.espn.com/apis/v3/games/ffl/seasons/2026/segments/0/leaguedefaults/3?scoringPeriodId=0&view=kona_player_info,2026,3
Ladd McConkey,LAC,WR,221.044,13.003,4612826,ACTIVE,ESPN 2026 PPR season projection,https://lm-api-reads.fantasy.espn.com/apis/v3/games/ffl/seasons/2026/segments/0/leaguedefaults/3?scoringPeriodId=0&view=kona_player_info,2026,3
Cam Ward,TEN,QB,219.938,12.938,4688380,ACTIVE,ESPN 2026 PPR season projection,https://lm-api-reads.fantasy.espn.com/apis/v3/games/ffl/seasons/2026/segments/0/leaguedefaults/3?scoringPeriodId=0&view=kona_player_info,2026,3
Tee Higgins,CIN,WR,219.353,12.903,4239993,ACTIVE,ESPN 2026 PPR season projection,https://lm-api-reads.fantasy.espn.com/apis/v3/games/ffl/seasons/2026/segments/0/leaguedefaults/3?scoringPeriodId=0&view=kona_player_info,2026,3
Aaron Rodgers,PIT,QB,219.199,12.894,8439,ACTIVE,ESPN 2026 PPR season projection,https://lm-api-reads.fantasy.espn.com/apis/v3/games/ffl/seasons/2026/segments/0/leaguedefaults/3?scoringPeriodId=0&view=kona_player_info,2026,3
Terry McLaurin,WAS,WR,218.723,12.866,3121422,ACTIVE,ESPN 2026 PPR season projection,https://lm-api-reads.fantasy.espn.com/apis/v3/games/ffl/seasons/2026/segments/0/leaguedefaults/3?scoringPeriodId=0&view=kona_player_info,2026,3
Jaylen Waddle,DEN,WR,213.283,12.546,4372016,ACTIVE,ESPN 2026 PPR season projection,https://lm-api-reads.fantasy.espn.com/apis/v3/games/ffl/seasons/2026/segments/0/leaguedefaults/3?scoringPeriodId=0&view=kona_player_info,2026,3
Rome Odunze,CHI,WR,212.641,12.508,4431299,ACTIVE,ESPN 2026 PPR season projection,https://lm-api-reads.fantasy.espn.com/apis/v3/games/ffl/seasons/2026/segments/0/leaguedefaults/3?scoringPeriodId=0&view=kona_player_info,2026,3
D'Andre Swift,CHI,RB,211.676,12.452,4259545,ACTIVE,ESPN 2026 PPR season projection,https://lm-api-reads.fantasy.espn.com/apis/v3/games/ffl/seasons/2026/segments/0/leaguedefaults/3?scoringPeriodId=0&view=kona_player_info,2026,3
Tyler Warren,IND,TE,210.886,12.405,4431459,QUESTIONABLE,ESPN 2026 PPR season projection,https://lm-api-reads.fantasy.espn.com/apis/v3/games/ffl/seasons/2026/segments/0/leaguedefaults/3?scoringPeriodId=0&view=kona_player_info,2026,3
DJ Moore,BUF,WR,209.520,12.325,3915416,ACTIVE,ESPN 2026 PPR season projection,https://lm-api-reads.fantasy.espn.com/apis/v3/games/ffl/seasons/2026/segments/0/leaguedefaults/3?scoringPeriodId=0&view=kona_player_info,2026,3
Jameson Williams,DET,WR,208.398,12.259,4426388,ACTIVE,ESPN 2026 PPR season projection,https://lm-api-reads.fantasy.espn.com/apis/v3/games/ffl/seasons/2026/segments/0/leaguedefaults/3?scoringPeriodId=0&view=kona_player_info,2026,3
Bucky Irving,TB,RB,207.080,12.181,4596448,ACTIVE,ESPN 2026 PPR season projection,https://lm-api-reads.fantasy.espn.com/apis/v3/games/ffl/seasons/2026/segments/0/leaguedefaults/3?scoringPeriodId=0&view=kona_player_info,2026,3
Colston Loveland,CHI,TE,205.918,12.113,4723086,ACTIVE,ESPN 2026 PPR season projection,https://lm-api-reads.fantasy.espn.com/apis/v3/games/ffl/seasons/2026/segments/0/leaguedefaults/3?scoringPeriodId=0&view=kona_player_info,2026,3
Luther Burden III,CHI,WR,205.869,12.110,4685278,QUESTIONABLE,ESPN 2026 PPR season projection,https://lm-api-reads.fantasy.espn.com/apis/v3/games/ffl/seasons/2026/segments/0/leaguedefaults/3?scoringPeriodId=0&view=kona_player_info,2026,3
Bhayshul Tuten,JAX,RB,205.297,12.076,4882093,ACTIVE,ESPN 2026 PPR season projection,https://lm-api-reads.fantasy.espn.com/apis/v3/games/ffl/seasons/2026/segments/0/leaguedefaults/3?scoringPeriodId=0&view=kona_player_info,2026,3
Courtland Sutton,DEN,WR,204.352,12.021,3128429,ACTIVE,ESPN 2026 PPR season projection,https://lm-api-reads.fantasy.espn.com/apis/v3/games/ffl/seasons/2026/segments/0/leaguedefaults/3?scoringPeriodId=0&view=kona_player_info,2026,3
Rhamondre Stevenson,NE,RB,202.835,11.931,4569173,ACTIVE,ESPN 2026 PPR season projection,https://lm-api-reads.fantasy.espn.com/apis/v3/games/ffl/seasons/2026/segments/0/leaguedefaults/3?scoringPeriodId=0&view=kona_player_info,2026,3
Carnell Tate,TEN,WR,202.421,11.907,4871023,ACTIVE,ESPN 2026 PPR season projection,https://lm-api-reads.fantasy.espn.com/apis/v3/games/ffl/seasons/2026/segments/0/leaguedefaults/3?scoringPeriodId=0&view=kona_player_info,2026,3
Jacoby Brissett,ARI,QB,198.923,11.701,2578570,ACTIVE,ESPN 2026 PPR season projection,https://lm-api-reads.fantasy.espn.com/apis/v3/games/ffl/seasons/2026/segments/0/leaguedefaults/3?scoringPeriodId=0&view=kona_player_info,2026,3
TreVeyon Henderson,NE,RB,197.383,11.611,4432710,QUESTIONABLE,ESPN 2026 PPR season projection,https://lm-api-reads.fantasy.espn.com/apis/v3/games/ffl/seasons/2026/segments/0/leaguedefaults/3?scoringPeriodId=0&view=kona_player_info,2026,3
Michael Pittman Jr.,PIT,WR,197.348,11.609,4035687,QUESTIONABLE,ESPN 2026 PPR season projection,https://lm-api-reads.fantasy.espn.com/apis/v3/games/ffl/seasons/2026/segments/0/leaguedefaults/3?scoringPeriodId=0&view=kona_player_info,2026,3
DK Metcalf,PIT,WR,195.951,11.527,4047650,QUESTIONABLE,ESPN 2026 PPR season projection,https://lm-api-reads.fantasy.espn.com/apis/v3/games/ffl/seasons/2026/segments/0/leaguedefaults/3?scoringPeriodId=0&view=kona_player_info,2026,3
Jadarian Price,SEA,RB,194.061,11.415,4685512,ACTIVE,ESPN 2026 PPR season projection,https://lm-api-reads.fantasy.espn.com/apis/v3/games/ffl/seasons/2026/segments/0/leaguedefaults/3?scoringPeriodId=0&view=kona_player_info,2026,3
Marvin Harrison Jr.,ARI,WR,193.804,11.400,4432708,ACTIVE,ESPN 2026 PPR season projection,https://lm-api-reads.fantasy.espn.com/apis/v3/games/ffl/seasons/2026/segments/0/leaguedefaults/3?scoringPeriodId=0&view=kona_player_info,2026,3
David Montgomery,HOU,RB,192.699,11.335,4035538,ACTIVE,ESPN 2026 PPR season projection,https://lm-api-reads.fantasy.espn.com/apis/v3/games/ffl/seasons/2026/segments/0/leaguedefaults/3?scoringPeriodId=0&view=kona_player_info,2026,3
Jaylen Warren,PIT,RB,191.691,11.276,4569987,ACTIVE,ESPN 2026 PPR season projection,https://lm-api-reads.fantasy.espn.com/apis/v3/games/ffl/seasons/2026/segments/0/leaguedefaults/3?scoringPeriodId=0&view=kona_player_info,2026,3
Sam LaPorta,DET,TE,188.598,11.094,4430027,QUESTIONABLE,ESPN 2026 PPR season projection,https://lm-api-reads.fantasy.espn.com/apis/v3/games/ffl/seasons/2026/segments/0/leaguedefaults/3?scoringPeriodId=0&view=kona_player_info,2026,3
Harold Fannin Jr.,CLE,TE,187.672,11.040,5083076,ACTIVE,ESPN 2026 PPR season projection,https://lm-api-reads.fantasy.espn.com/apis/v3/games/ffl/seasons/2026/segments/0/leaguedefaults/3?scoringPeriodId=0&view=kona_player_info,2026,3
Fernando Mendoza,LV,QB,187.544,11.032,4837248,ACTIVE,ESPN 2026 PPR season projection,https://lm-api-reads.fantasy.espn.com/apis/v3/games/ffl/seasons/2026/segments/0/leaguedefaults/3?scoringPeriodId=0&view=kona_player_info,2026,3
Parker Washington,JAX,WR,187.263,11.015,4432620,ACTIVE,ESPN 2026 PPR season projection,https://lm-api-reads.fantasy.espn.com/apis/v3/games/ffl/seasons/2026/segments/0/leaguedefaults/3?scoringPeriodId=0&view=kona_player_info,2026,3
Alec Pierce,IND,WR,186.735,10.984,4360078,OUT,ESPN 2026 PPR season projection,https://lm-api-reads.fantasy.espn.com/apis/v3/games/ffl/seasons/2026/segments/0/leaguedefaults/3?scoringPeriodId=0&view=kona_player_info,2026,3
Rico Dowdle,PIT,RB,186.093,10.947,4038815,ACTIVE,ESPN 2026 PPR season projection,https://lm-api-reads.fantasy.espn.com/apis/v3/games/ffl/seasons/2026/segments/0/leaguedefaults/3?scoringPeriodId=0&view=kona_player_info,2026,3
Tony Pollard,TEN,RB,185.807,10.930,3916148,ACTIVE,ESPN 2026 PPR season projection,https://lm-api-reads.fantasy.espn.com/apis/v3/games/ffl/seasons/2026/segments/0/leaguedefaults/3?scoringPeriodId=0&view=kona_player_info,2026,3
Kyle Pitts Sr.,ATL,TE,185.135,10.890,4360248,ACTIVE,ESPN 2026 PPR season projection,https://lm-api-reads.fantasy.espn.com/apis/v3/games/ffl/seasons/2026/segments/0/leaguedefaults/3?scoringPeriodId=0&view=kona_player_info,2026,3
Christian Watson,GB,WR,185.132,10.890,4248528,ACTIVE,ESPN 2026 PPR season projection,https://lm-api-reads.fantasy.espn.com/apis/v3/games/ffl/seasons/2026/segments/0/leaguedefaults/3?scoringPeriodId=0&view=kona_player_info,2026,3
Matthew Golden,GB,WR,184.967,10.880,4701936,ACTIVE,ESPN 2026 PPR season projection,https://lm-api-reads.fantasy.espn.com/apis/v3/games/ffl/seasons/2026/segments/0/leaguedefaults/3?scoringPeriodId=0&view=kona_player_info,2026,3
Mike Evans,SF,WR,182.564,10.739,16737,QUESTIONABLE,ESPN 2026 PPR season projection,https://lm-api-reads.fantasy.espn.com/apis/v3/games/ffl/seasons/2026/segments/0/leaguedefaults/3?scoringPeriodId=0&view=kona_player_info,2026,3
Jakobi Meyers,JAX,WR,181.971,10.704,3916433,QUESTIONABLE,ESPN 2026 PPR season projection,https://lm-api-reads.fantasy.espn.com/apis/v3/games/ffl/seasons/2026/segments/0/leaguedefaults/3?scoringPeriodId=0&view=kona_player_info,2026,3
Tucker Kraft,GB,TE,180.676,10.628,4572680,QUESTIONABLE,ESPN 2026 PPR season projection,https://lm-api-reads.fantasy.espn.com/apis/v3/games/ffl/seasons/2026/segments/0/leaguedefaults/3?scoringPeriodId=0&view=kona_player_info,2026,3
Kenny Gainwell,TB,RB,177.831,10.461,4371733,ACTIVE,ESPN 2026 PPR season projection,https://lm-api-reads.fantasy.espn.com/apis/v3/games/ffl/seasons/2026/segments/0/leaguedefaults/3?scoringPeriodId=0&view=kona_player_info,2026,3
Travis Kelce,KC,TE,177.519,10.442,15847,ACTIVE,ESPN 2026 PPR season projection,https://lm-api-reads.fantasy.espn.com/apis/v3/games/ffl/seasons/2026/segments/0/leaguedefaults/3?scoringPeriodId=0&view=kona_player_info,2026,3
Dallas Goedert,PHI,TE,177.058,10.415,3121023,ACTIVE,ESPN 2026 PPR season projection,https://lm-api-reads.fantasy.espn.com/apis/v3/games/ffl/seasons/2026/segments/0/leaguedefaults/3?scoringPeriodId=0&view=kona_player_info,2026,3
Aaron Jones Sr.,MIN,RB,177.025,10.413,3042519,ACTIVE,ESPN 2026 PPR season projection,https://lm-api-reads.fantasy.espn.com/apis/v3/games/ffl/seasons/2026/segments/0/leaguedefaults/3?scoringPeriodId=0&view=kona_player_info,2026,3
George Kittle,SF,TE,176.843,11.790,3040151,QUESTIONABLE,ESPN 2026 PPR season projection,https://lm-api-reads.fantasy.espn.com/apis/v3/games/ffl/seasons/2026/segments/0/leaguedefaults/3?scoringPeriodId=0&view=kona_player_info,2026,3
Brian Thomas Jr.,JAX,WR,176.658,10.392,4432773,QUESTIONABLE,ESPN 2026 PPR season projection,https://lm-api-reads.fantasy.espn.com/apis/v3/games/ffl/seasons/2026/segments/0/leaguedefaults/3?scoringPeriodId=0&view=kona_player_info,2026,3
Michael Wilson,ARI,WR,176.536,10.384,4360761,ACTIVE,ESPN 2026 PPR season projection,https://lm-api-reads.fantasy.espn.com/apis/v3/games/ffl/seasons/2026/segments/0/leaguedefaults/3?scoringPeriodId=0&view=kona_player_info,2026,3
Kyle Monangai,CHI,RB,176.189,10.364,4608686,QUESTIONABLE,ESPN 2026 PPR season projection,https://lm-api-reads.fantasy.espn.com/apis/v3/games/ffl/seasons/2026/segments/0/leaguedefaults/3?scoringPeriodId=0&view=kona_player_info,2026,3
Wan'Dale Robinson,TEN,WR,175.027,10.296,4569587,ACTIVE,ESPN 2026 PPR season projection,https://lm-api-reads.fantasy.espn.com/apis/v3/games/ffl/seasons/2026/segments/0/leaguedefaults/3?scoringPeriodId=0&view=kona_player_info,2026,3
J.K. Dobbins,DEN,RB,175.009,10.295,4241985,ACTIVE,ESPN 2026 PPR season projection,https://lm-api-reads.fantasy.espn.com/apis/v3/games/ffl/seasons/2026/segments/0/leaguedefaults/3?scoringPeriodId=0&view=kona_player_info,2026,3
Xavier Worthy,KC,WR,173.342,10.197,4683062,QUESTIONABLE,ESPN 2026 PPR season projection,https://lm-api-reads.fantasy.espn.com/apis/v3/games/ffl/seasons/2026/segments/0/leaguedefaults/3?scoringPeriodId=0&view=kona_player_info,2026,3
Chuba Hubbard,CAR,RB,172.936,10.173,4241416,QUESTIONABLE,ESPN 2026 PPR season projection,https://lm-api-reads.fantasy.espn.com/apis/v3/games/ffl/seasons/2026/segments/0/leaguedefaults/3?scoringPeriodId=0&view=kona_player_info,2026,3
Brandon Aubrey,DAL,PK,171.662,10.098,3953687,ACTIVE,ESPN 2026 PPR season projection,https://lm-api-reads.fantasy.espn.com/apis/v3/games/ffl/seasons/2026/segments/0/leaguedefaults/3?scoringPeriodId=0&view=kona_player_info,2026,3
Khalil Shakir,BUF,WR,171.123,10.066,4373678,QUESTIONABLE,ESPN 2026 PPR season projection,https://lm-api-reads.fantasy.espn.com/apis/v3/games/ffl/seasons/2026/segments/0/leaguedefaults/3?scoringPeriodId=0&view=kona_player_info,2026,3
Jonathon Brooks,CAR,RB,170.760,10.045,4678008,ACTIVE,ESPN 2026 PPR season projection,https://lm-api-reads.fantasy.espn.com/apis/v3/games/ffl/seasons/2026/segments/0/leaguedefaults/3?scoringPeriodId=0&view=kona_player_info,2026,3
Jordan Addison,MIN,WR,170.506,10.030,4429205,ACTIVE,ESPN 2026 PPR season projection,https://lm-api-reads.fantasy.espn.com/apis/v3/games/ffl/seasons/2026/segments/0/leaguedefaults/3?scoringPeriodId=0&view=kona_player_info,2026,3
Jayden Reed,GB,WR,170.218,10.013,4362249,ACTIVE,ESPN 2026 PPR season projection,https://lm-api-reads.fantasy.espn.com/apis/v3/games/ffl/seasons/2026/segments/0/leaguedefaults/3?scoringPeriodId=0&view=kona_player_info,2026,3
Mark Andrews,BAL,TE,169.292,9.958,3116365,ACTIVE,ESPN 2026 PPR season projection,https://lm-api-reads.fantasy.espn.com/apis/v3/games/ffl/seasons/2026/segments/0/leaguedefaults/3?scoringPeriodId=0&view=kona_player_info,2026,3
Jake Ferguson,DAL,TE,166.503,9.794,4242355,ACTIVE,ESPN 2026 PPR season projection,https://lm-api-reads.fantasy.espn.com/apis/v3/games/ffl/seasons/2026/segments/0/leaguedefaults/3?scoringPeriodId=0&view=kona_player_info,2026,3
Quentin Johnston,LAC,WR,165.426,9.731,4429025,QUESTIONABLE,ESPN 2026 PPR season projection,https://lm-api-reads.fantasy.espn.com/apis/v3/games/ffl/seasons/2026/segments/0/leaguedefaults/3?scoringPeriodId=0&view=kona_player_info,2026,3
Rachaad White,WAS,RB,164.738,9.690,4697815,QUESTIONABLE,ESPN 2026 PPR season projection,https://lm-api-reads.fantasy.espn.com/apis/v3/games/ffl/seasons/2026/segments/0/leaguedefaults/3?scoringPeriodId=0&view=kona_player_info,2026,3
Stefon Diggs,WAS,WR,164.000,9.647,2976212,ACTIVE,ESPN 2026 PPR season projection,https://lm-api-reads.fantasy.espn.com/apis/v3/games/ffl/seasons/2026/segments/0/leaguedefaults/3?scoringPeriodId=0&view=kona_player_info,2026,3
Cameron Dicker,LAC,PK,161.894,9.523,4362081,ACTIVE,ESPN 2026 PPR season projection,https://lm-api-reads.fantasy.espn.com/apis/v3/games/ffl/seasons/2026/segments/0/leaguedefaults/3?scoringPeriodId=0&view=kona_player_info,2026,3
Deebo Samuel Sr.,SF,WR,160.969,9.469,3126486,ACTIVE,ESPN 2026 PPR season projection,https://lm-api-reads.fantasy.espn.com/apis/v3/games/ffl/seasons/2026/segments/0/leaguedefaults/3?scoringPeriodId=0&view=kona_player_info,2026,3
Jacory Croskey-Merritt,WAS,RB,159.541,9.385,4575131,QUESTIONABLE,ESPN 2026 PPR season projection,https://lm-api-reads.fantasy.espn.com/apis/v3/games/ffl/seasons/2026/segments/0/leaguedefaults/3?scoringPeriodId=0&view=kona_player_info,2026,3
Harrison Mevis,LAR,PK,159.530,9.384,4574716,ACTIVE,ESPN 2026 PPR season projection,https://lm-api-reads.fantasy.espn.com/apis/v3/games/ffl/seasons/2026/segments/0/leaguedefaults/3?scoringPeriodId=0&view=kona_player_info,2026,3
Blake Corum,LAR,RB,159.374,9.375,4429096,ACTIVE,ESPN 2026 PPR season projection,https://lm-api-reads.fantasy.espn.com/apis/v3/games/ffl/seasons/2026/segments/0/leaguedefaults/3?scoringPeriodId=0&view=kona_player_info,2026,3
Jason Myers,SEA,PK,158.505,9.324,2473037,ACTIVE,ESPN 2026 PPR season projection,https://lm-api-reads.fantasy.espn.com/apis/v3/games/ffl/seasons/2026/segments/0/leaguedefaults/3?scoringPeriodId=0&view=kona_player_info,2026,3
T.J. Hockenson,MIN,TE,158.226,9.307,4036133,ACTIVE,ESPN 2026 PPR season projection,https://lm-api-reads.fantasy.espn.com/apis/v3/games/ffl/seasons/2026/segments/0/leaguedefaults/3?scoringPeriodId=0&view=kona_player_info,2026,3
Ka'imi Fairbairn,HOU,PK,157.862,9.286,2971573,ACTIVE,ESPN 2026 PPR season projection,https://lm-api-reads.fantasy.espn.com/apis/v3/games/ffl/seasons/2026/segments/0/leaguedefaults/3?scoringPeriodId=0&view=kona_player_info,2026,3
Josh Downs,IND,WR,157.748,9.279,4688813,QUESTIONABLE,ESPN 2026 PPR season projection,https://lm-api-reads.fantasy.espn.com/apis/v3/games/ffl/seasons/2026/segments/0/leaguedefaults/3?scoringPeriodId=0&view=kona_player_info,2026,3
Chris Godwin Jr.,TB,WR,157.396,9.259,3116165,ACTIVE,ESPN 2026 PPR season projection,https://lm-api-reads.fantasy.espn.com/apis/v3/games/ffl/seasons/2026/segments/0/leaguedefaults/3?scoringPeriodId=0&view=kona_player_info,2026,3
Isaiah Likely,NYG,TE,155.676,9.157,4361050,ACTIVE,ESPN 2026 PPR season projection,https://lm-api-reads.fantasy.espn.com/apis/v3/games/ffl/seasons/2026/segments/0/leaguedefaults/3?scoringPeriodId=0&view=kona_player_info,2026,3
Dalton Kincaid,BUF,TE,155.423,9.143,4385690,ACTIVE,ESPN 2026 PPR season projection,https://lm-api-reads.fantasy.espn.com/apis/v3/games/ffl/seasons/2026/segments/0/leaguedefaults/3?scoringPeriodId=0&view=kona_player_info,2026,3
Eddy Pineiro,SF,PK,155.318,9.136,4034949,ACTIVE,ESPN 2026 PPR season projection,https://lm-api-reads.fantasy.espn.com/apis/v3/games/ffl/seasons/2026/segments/0/leaguedefaults/3?scoringPeriodId=0&view=kona_player_info,2026,3
Makai Lemon,PHI,WR,154.618,9.095,4870795,ACTIVE,ESPN 2026 PPR season projection,https://lm-api-reads.fantasy.espn.com/apis/v3/games/ffl/seasons/2026/segments/0/leaguedefaults/3?scoringPeriodId=0&view=kona_player_info,2026,3
Tyjae Spears,TEN,RB,154.461,9.086,4428557,ACTIVE,ESPN 2026 PPR season projection,https://lm-api-reads.fantasy.espn.com/apis/v3/games/ffl/seasons/2026/segments/0/leaguedefaults/3?scoringPeriodId=0&view=kona_player_info,2026,3
KC Concepcion,CLE,WR,154.176,9.069,4870653,ACTIVE,ESPN 2026 PPR season projection,https://lm-api-reads.fantasy.espn.com/apis/v3/games/ffl/seasons/2026/segments/0/leaguedefaults/3?scoringPeriodId=0&view=kona_player_info,2026,3
Kenyon Sadiq,NYJ,TE,154.020,9.060,5083315,QUESTIONABLE,ESPN 2026 PPR season projection,https://lm-api-reads.fantasy.espn.com/apis/v3/games/ffl/seasons/2026/segments/0/leaguedefaults/3?scoringPeriodId=0&view=kona_player_info,2026,3
Tank Dell,HOU,WR,152.821,8.989,4366031,QUESTIONABLE,ESPN 2026 PPR season projection,https://lm-api-reads.fantasy.espn.com/apis/v3/games/ffl/seasons/2026/segments/0/leaguedefaults/3?scoringPeriodId=0&view=kona_player_info,2026,3
Jordan Mason,MIN,RB,150.527,8.855,4360569,ACTIVE,ESPN 2026 PPR season projection,https://lm-api-reads.fantasy.espn.com/apis/v3/games/ffl/seasons/2026/segments/0/leaguedefaults/3?scoringPeriodId=0&view=kona_player_info,2026,3
Romeo Doubs,NE,WR,150.206,8.836,4361432,ACTIVE,ESPN 2026 PPR season projection,https://lm-api-reads.fantasy.espn.com/apis/v3/games/ffl/seasons/2026/segments/0/leaguedefaults/3?scoringPeriodId=0&view=kona_player_info,2026,3
Hunter Henry,NE,TE,149.899,8.818,3046439,ACTIVE,ESPN 2026 PPR season projection,https://lm-api-reads.fantasy.espn.com/apis/v3/games/ffl/seasons/2026/segments/0/leaguedefaults/3?scoringPeriodId=0&view=kona_player_info,2026,3
RJ Harvey,DEN,RB,149.525,8.796,4568490,ACTIVE,ESPN 2026 PPR season projection,https://lm-api-reads.fantasy.espn.com/apis/v3/games/ffl/seasons/2026/segments/0/leaguedefaults/3?scoringPeriodId=0&view=kona_player_info,2026,3
Harrison Butker,KC,PK,148.768,8.751,3055899,ACTIVE,ESPN 2026 PPR season projection,https://lm-api-reads.fantasy.espn.com/apis/v3/games/ffl/seasons/2026/segments/0/leaguedefaults/3?scoringPeriodId=0&view=kona_player_info,2026,3
Jalen Coker,CAR,WR,147.211,8.659,4695883,ACTIVE,ESPN 2026 PPR season projection,https://lm-api-reads.fantasy.espn.com/apis/v3/games/ffl/seasons/2026/segments/0/leaguedefaults/3?scoringPeriodId=0&view=kona_player_info,2026,3
Cam Little,JAX,PK,146.854,8.638,4686361,ACTIVE,ESPN 2026 PPR season projection,https://lm-api-reads.fantasy.espn.com/apis/v3/games/ffl/seasons/2026/segments/0/leaguedefaults/3?scoringPeriodId=0&view=kona_player_info,2026,3
Tyler Loop,BAL,PK,146.030,8.590,4697745,ACTIVE,ESPN 2026 PPR season projection,https://lm-api-reads.fantasy.espn.com/apis/v3/games/ffl/seasons/2026/segments/0/leaguedefaults/3?scoringPeriodId=0&view=kona_player_info,2026,3
Jake Bates,DET,PK,145.846,8.579,4689936,ACTIVE,ESPN 2026 PPR season projection,https://lm-api-reads.fantasy.espn.com/apis/v3/games/ffl/seasons/2026/segments/0/leaguedefaults/3?scoringPeriodId=0&view=kona_player_info,2026,3
Rashid Shaheed,SEA,WR,144.485,8.499,4032473,ACTIVE,ESPN 2026 PPR season projection,https://lm-api-reads.fantasy.espn.com/apis/v3/games/ffl/seasons/2026/segments/0/leaguedefaults/3?scoringPeriodId=0&view=kona_player_info,2026,3
Cairo Santos,CHI,PK,144.412,8.495,17427,ACTIVE,ESPN 2026 PPR season projection,https://lm-api-reads.fantasy.espn.com/apis/v3/games/ffl/seasons/2026/segments/0/leaguedefaults/3?scoringPeriodId=0&view=kona_player_info,2026,3
Trey Smack,GB,PK,144.004,8.471,4869461,ACTIVE,ESPN 2026 PPR season projection,https://lm-api-reads.fantasy.espn.com/apis/v3/games/ffl/seasons/2026/segments/0/leaguedefaults/3?scoringPeriodId=0&view=kona_player_info,2026,3
Juwan Johnson,NO,TE,143.450,8.438,3929645,ACTIVE,ESPN 2026 PPR season projection,https://lm-api-reads.fantasy.espn.com/apis/v3/games/ffl/seasons/2026/segments/0/leaguedefaults/3?scoringPeriodId=0&view=kona_player_info,2026,3
Chris Boswell,PIT,PK,142.857,8.403,17372,ACTIVE,ESPN 2026 PPR season projection,https://lm-api-reads.fantasy.espn.com/apis/v3/games/ffl/seasons/2026/segments/0/leaguedefaults/3?scoringPeriodId=0&view=kona_player_info,2026,3
Brenton Strange,JAX,TE,142.480,8.381,4430539,ACTIVE,ESPN 2026 PPR season projection,https://lm-api-reads.fantasy.espn.com/apis/v3/games/ffl/seasons/2026/segments/0/leaguedefaults/3?scoringPeriodId=0&view=kona_player_info,2026,3
Will Reichard,MIN,PK,142.229,8.366,4567104,ACTIVE,ESPN 2026 PPR season projection,https://lm-api-reads.fantasy.espn.com/apis/v3/games/ffl/seasons/2026/segments/0/leaguedefaults/3?scoringPeriodId=0&view=kona_player_info,2026,3
Chase McLaughlin,TB,PK,142.196,8.364,3150744,ACTIVE,ESPN 2026 PPR season projection,https://lm-api-reads.fantasy.espn.com/apis/v3/games/ffl/seasons/2026/segments/0/leaguedefaults/3?scoringPeriodId=0&view=kona_player_info,2026,3
Evan McPherson,CIN,PK,142.139,8.361,4360234,ACTIVE,ESPN 2026 PPR season projection,https://lm-api-reads.fantasy.espn.com/apis/v3/games/ffl/seasons/2026/segments/0/leaguedefaults/3?scoringPeriodId=0&view=kona_player_info,2026,3
Nick Folk,ATL,PK,141.266,8.310,10621,ACTIVE,ESPN 2026 PPR season projection,https://lm-api-reads.fantasy.espn.com/apis/v3/games/ffl/seasons/2026/segments/0/leaguedefaults/3?scoringPeriodId=0&view=kona_player_info,2026,3
Denzel Boston,CLE,WR,140.686,8.276,4832800,ACTIVE,ESPN 2026 PPR season projection,https://lm-api-reads.fantasy.espn.com/apis/v3/games/ffl/seasons/2026/segments/0/leaguedefaults/3?scoringPeriodId=0&view=kona_player_info,2026,3
Jerry Jeudy,CLE,WR,138.380,8.140,4241463,ACTIVE,ESPN 2026 PPR season projection,https://lm-api-reads.fantasy.espn.com/apis/v3/games/ffl/seasons/2026/segments/0/leaguedefaults/3?scoringPeriodId=0&view=kona_player_info,2026,3
Tre Tucker,LV,WR,137.986,8.117,4428718,ACTIVE,ESPN 2026 PPR season projection,https://lm-api-reads.fantasy.espn.com/apis/v3/games/ffl/seasons/2026/segments/0/leaguedefaults/3?scoringPeriodId=0&view=kona_player_info,2026,3
Charlie Smyth,NO,PK,137.926,8.113,5208518,ACTIVE,ESPN 2026 PPR season projection,https://lm-api-reads.fantasy.espn.com/apis/v3/games/ffl/seasons/2026/segments/0/leaguedefaults/3?scoringPeriodId=0&view=kona_player_info,2026,3
Dominic Zvada,NYG,PK,137.191,8.070,5082424,ACTIVE,ESPN 2026 PPR season projection,https://lm-api-reads.fantasy.espn.com/apis/v3/games/ffl/seasons/2026/segments/0/leaguedefaults/3?scoringPeriodId=0&view=kona_player_info,2026,3
Tyler Bass,BUF,PK,136.788,8.046,3917232,ACTIVE,ESPN 2026 PPR season projection,https://lm-api-reads.fantasy.espn.com/apis/v3/games/ffl/seasons/2026/segments/0/leaguedefaults/3?scoringPeriodId=0&view=kona_player_info,2026,3
Pat Freiermuth,PIT,TE,136.377,8.022,4361411,ACTIVE,ESPN 2026 PPR season projection,https://lm-api-reads.fantasy.espn.com/apis/v3/games/ffl/seasons/2026/segments/0/leaguedefaults/3?scoringPeriodId=0&view=kona_player_info,2026,3
Wil Lutz,DEN,PK,135.866,7.992,2985659,ACTIVE,ESPN 2026 PPR season projection,https://lm-api-reads.fantasy.espn.com/apis/v3/games/ffl/seasons/2026/segments/0/leaguedefaults/3?scoringPeriodId=0&view=kona_player_info,2026,3
Terrance Ferguson,LAR,TE,135.782,7.987,4570037,QUESTIONABLE,ESPN 2026 PPR season projection,https://lm-api-reads.fantasy.espn.com/apis/v3/games/ffl/seasons/2026/segments/0/leaguedefaults/3?scoringPeriodId=0&view=kona_player_info,2026,3
Jake Elliott,PHI,PK,135.764,7.986,3050478,ACTIVE,ESPN 2026 PPR season projection,https://lm-api-reads.fantasy.espn.com/apis/v3/games/ffl/seasons/2026/segments/0/leaguedefaults/3?scoringPeriodId=0&view=kona_player_info,2026,3
Calvin Ridley,TEN,WR,135.388,7.964,3925357,ACTIVE,ESPN 2026 PPR season projection,https://lm-api-reads.fantasy.espn.com/apis/v3/games/ffl/seasons/2026/segments/0/leaguedefaults/3?scoringPeriodId=0&view=kona_player_info,2026,3
Zach Charbonnet,SEA,RB,133.993,12.181,4426385,OUT,ESPN 2026 PPR season projection,https://lm-api-reads.fantasy.espn.com/apis/v3/games/ffl/seasons/2026/segments/0/leaguedefaults/3?scoringPeriodId=0&view=kona_player_info,2026,3
Drew Stevens,WAS,PK,133.769,7.869,5081335,ACTIVE,ESPN 2026 PPR season projection,https://lm-api-reads.fantasy.espn.com/apis/v3/games/ffl/seasons/2026/segments/0/leaguedefaults/3?scoringPeriodId=0&view=kona_player_info,2026,3
Dalton Schultz,HOU,TE,133.299,7.841,3117256,ACTIVE,ESPN 2026 PPR season projection,https://lm-api-reads.fantasy.espn.com/apis/v3/games/ffl/seasons/2026/segments/0/leaguedefaults/3?scoringPeriodId=0&view=kona_player_info,2026,3
Jalen McMillan,TB,WR,132.914,7.818,4430834,QUESTIONABLE,ESPN 2026 PPR season projection,https://lm-api-reads.fantasy.espn.com/apis/v3/games/ffl/seasons/2026/segments/0/leaguedefaults/3?scoringPeriodId=0&view=kona_player_info,2026,3
Blake Grupe,IND,PK,132.792,7.811,4259619,ACTIVE,ESPN 2026 PPR season projection,https://lm-api-reads.fantasy.espn.com/apis/v3/games/ffl/seasons/2026/segments/0/leaguedefaults/3?scoringPeriodId=0&view=kona_player_info,2026,3
Texans D/ST,HOU,DEF,131.094,7.711,-16034,,ESPN 2026 PPR season projection,https://lm-api-reads.fantasy.espn.com/apis/v3/games/ffl/seasons/2026/segments/0/leaguedefaults/3?scoringPeriodId=0&view=kona_player_info,2026,3
Broncos D/ST,DEN,DEF,130.692,7.688,-16007,,ESPN 2026 PPR season projection,https://lm-api-reads.fantasy.espn.com/apis/v3/games/ffl/seasons/2026/segments/0/leaguedefaults/3?scoringPeriodId=0&view=kona_player_info,2026,3
De'Zhaun Stribling,SF,WR,130.342,7.667,4710714,QUESTIONABLE,ESPN 2026 PPR season projection,https://lm-api-reads.fantasy.espn.com/apis/v3/games/ffl/seasons/2026/segments/0/leaguedefaults/3?scoringPeriodId=0&view=kona_player_info,2026,3
Andy Borregales,NE,PK,129.116,7.595,4569923,ACTIVE,ESPN 2026 PPR season projection,https://lm-api-reads.fantasy.espn.com/apis/v3/games/ffl/seasons/2026/segments/0/leaguedefaults/3?scoringPeriodId=0&view=kona_player_info,2026,3
Jason Sanders,NYJ,PK,128.421,7.554,3124679,ACTIVE,ESPN 2026 PPR season projection,https://lm-api-reads.fantasy.espn.com/apis/v3/games/ffl/seasons/2026/segments/0/leaguedefaults/3?scoringPeriodId=0&view=kona_player_info,2026,3
Woody Marks,HOU,RB,127.840,7.520,4429059,ACTIVE,ESPN 2026 PPR season projection,https://lm-api-reads.fantasy.espn.com/apis/v3/games/ffl/seasons/2026/segments/0/leaguedefaults/3?scoringPeriodId=0&view=kona_player_info,2026,3
Riley Patterson,MIA,PK,127.383,7.493,4243371,ACTIVE,ESPN 2026 PPR season projection,https://lm-api-reads.fantasy.espn.com/apis/v3/games/ffl/seasons/2026/segments/0/leaguedefaults/3?scoringPeriodId=0&view=kona_player_info,2026,3
Gunnar Helm,TEN,TE,126.981,7.469,4686728,ACTIVE,ESPN 2026 PPR season projection,https://lm-api-reads.fantasy.espn.com/apis/v3/games/ffl/seasons/2026/segments/0/leaguedefaults/3?scoringPeriodId=0&view=kona_player_info,2026,3
Adonai Mitchell,NYJ,WR,126.674,7.451,4597500,ACTIVE,ESPN 2026 PPR season projection,https://lm-api-reads.fantasy.espn.com/apis/v3/games/ffl/seasons/2026/segments/0/leaguedefaults/3?scoringPeriodId=0&view=kona_player_info,2026,3
Steelers D/ST,PIT,DEF,125.946,7.409,-16023,,ESPN 2026 PPR season projection,https://lm-api-reads.fantasy.espn.com/apis/v3/games/ffl/seasons/2026/segments/0/leaguedefaults/3?scoringPeriodId=0&view=kona_player_info,2026,3
Matt Gay,LV,PK,125.097,7.359,4249087,ACTIVE,ESPN 2026 PPR season projection,https://lm-api-reads.fantasy.espn.com/apis/v3/games/ffl/seasons/2026/segments/0/leaguedefaults/3?scoringPeriodId=0&view=kona_player_info,2026,3
Keenan Allen,IND,WR,124.442,7.320,15818,ACTIVE,ESPN 2026 PPR season projection,https://lm-api-reads.fantasy.espn.com/apis/v3/games/ffl/seasons/2026/segments/0/leaguedefaults/3?scoringPeriodId=0&view=kona_player_info,2026,3
Jalen Nailor,LV,WR,124.239,7.308,4382466,ACTIVE,ESPN 2026 PPR season projection,https://lm-api-reads.fantasy.espn.com/apis/v3/games/ffl/seasons/2026/segments/0/leaguedefaults/3?scoringPeriodId=0&view=kona_player_info,2026,3
Ryan Fitzgerald,CAR,PK,124.069,7.298,4568263,ACTIVE,ESPN 2026 PPR season projection,https://lm-api-reads.fantasy.espn.com/apis/v3/games/ffl/seasons/2026/segments/0/leaguedefaults/3?scoringPeriodId=0&view=kona_player_info,2026,3
Deshaun Watson,CLE,QB,123.858,7.286,3122840,ACTIVE,ESPN 2026 PPR season projection,https://lm-api-reads.fantasy.espn.com/apis/v3/games/ffl/seasons/2026/segments/0/leaguedefaults/3?scoringPeriodId=0&view=kona_player_info,2026,3
Devaughn Vele,NO,WR,123.796,7.282,4569559,ACTIVE,ESPN 2026 PPR season projection,https://lm-api-reads.fantasy.espn.com/apis/v3/games/ffl/seasons/2026/segments/0/leaguedefaults/3?scoringPeriodId=0&view=kona_player_info,2026,3
Isiah Pacheco,DET,RB,123.535,7.267,4361529,QUESTIONABLE,ESPN 2026 PPR season projection,https://lm-api-reads.fantasy.espn.com/apis/v3/games/ffl/seasons/2026/segments/0/leaguedefaults/3?scoringPeriodId=0&view=kona_player_info,2026,3
Joey Slye,TEN,PK,123.359,7.256,3124084,ACTIVE,ESPN 2026 PPR season projection,https://lm-api-reads.fantasy.espn.com/apis/v3/games/ffl/seasons/2026/segments/0/leaguedefaults/3?scoringPeriodId=0&view=kona_player_info,2026,3
Rashod Bateman,BAL,WR,122.507,7.206,4360939,ACTIVE,ESPN 2026 PPR season projection,https://lm-api-reads.fantasy.espn.com/apis/v3/games/ffl/seasons/2026/segments/0/leaguedefaults/3?scoringPeriodId=0&view=kona_player_info,2026,3
Rams D/ST,LAR,DEF,121.900,7.171,-16014,,ESPN 2026 PPR season projection,https://lm-api-reads.fantasy.espn.com/apis/v3/games/ffl/seasons/2026/segments/0/leaguedefaults/3?scoringPeriodId=0&view=kona_player_info,2026,3
Andre Szmyt,CLE,PK,121.744,7.161,4258620,ACTIVE,ESPN 2026 PPR season projection,https://lm-api-reads.fantasy.espn.com/apis/v3/games/ffl/seasons/2026/segments/0/leaguedefaults/3?scoringPeriodId=0&view=kona_player_info,2026,3
Chad Ryland,ARI,PK,121.657,7.156,4363538,ACTIVE,ESPN 2026 PPR season projection,https://lm-api-reads.fantasy.espn.com/apis/v3/games/ffl/seasons/2026/segments/0/leaguedefaults/3?scoringPeriodId=0&view=kona_player_info,2026,3
Chig Okonkwo,WAS,TE,121.271,7.134,4360635,ACTIVE,ESPN 2026 PPR season projection,https://lm-api-reads.fantasy.espn.com/apis/v3/games/ffl/seasons/2026/segments/0/leaguedefaults/3?scoringPeriodId=0&view=kona_player_info,2026,3
Seahawks D/ST,SEA,DEF,120.849,7.109,-16026,,ESPN 2026 PPR season projection,https://lm-api-reads.fantasy.espn.com/apis/v3/games/ffl/seasons/2026/segments/0/leaguedefaults/3?scoringPeriodId=0&view=kona_player_info,2026,3
Greg Dulcich,MIA,TE,119.153,7.009,4367209,ACTIVE,ESPN 2026 PPR season projection,https://lm-api-reads.fantasy.espn.com/apis/v3/games/ffl/seasons/2026/segments/0/leaguedefaults/3?scoringPeriodId=0&view=kona_player_info,2026,3
Ravens D/ST,BAL,DEF,118.568,6.975,-16033,,ESPN 2026 PPR season projection,https://lm-api-reads.fantasy.espn.com/apis/v3/games/ffl/seasons/2026/segments/0/leaguedefaults/3?scoringPeriodId=0&view=kona_player_info,2026,3
Alvin Kamara,NO,RB,117.352,7.334,3054850,QUESTIONABLE,ESPN 2026 PPR season projection,https://lm-api-reads.fantasy.espn.com/apis/v3/games/ffl/seasons/2026/segments/0/leaguedefaults/3?scoringPeriodId=0&view=kona_player_info,2026,3
Malik Washington,MIA,WR,115.897,6.817,4569603,ACTIVE,ESPN 2026 PPR season projection,https://lm-api-reads.fantasy.espn.com/apis/v3/games/ffl/seasons/2026/segments/0/leaguedefaults/3?scoringPeriodId=0&view=kona_player_info,2026,3
Caleb Douglas,MIA,WR,115.597,6.800,4869645,ACTIVE,ESPN 2026 PPR season projection,https://lm-api-reads.fantasy.espn.com/apis/v3/games/ffl/seasons/2026/segments/0/leaguedefaults/3?scoringPeriodId=0&view=kona_player_info,2026,3
Tua Tagovailoa,ATL,QB,114.889,6.758,4241479,ACTIVE,ESPN 2026 PPR season projection,https://lm-api-reads.fantasy.espn.com/apis/v3/games/ffl/seasons/2026/segments/0/leaguedefaults/3?scoringPeriodId=0&view=kona_player_info,2026,3
Darren Waller,CAR,TE,114.625,6.743,2576925,ACTIVE,ESPN 2026 PPR season projection,https://lm-api-reads.fantasy.espn.com/apis/v3/games/ffl/seasons/2026/segments/0/leaguedefaults/3?scoringPeriodId=0&view=kona_player_info,2026,3
Jauan Jennings,MIN,WR,114.621,6.742,3886598,ACTIVE,ESPN 2026 PPR season projection,https://lm-api-reads.fantasy.espn.com/apis/v3/games/ffl/seasons/2026/segments/0/leaguedefaults/3?scoringPeriodId=0&view=kona_player_info,2026,3
Justice Hill,BAL,RB,114.199,6.718,4038441,ACTIVE,ESPN 2026 PPR season projection,https://lm-api-reads.fantasy.espn.com/apis/v3/games/ffl/seasons/2026/segments/0/leaguedefaults/3?scoringPeriodId=0&view=kona_player_info,2026,3
AJ Barner,SEA,TE,113.780,6.693,4576297,ACTIVE,ESPN 2026 PPR season projection,https://lm-api-reads.fantasy.espn.com/apis/v3/games/ffl/seasons/2026/segments/0/leaguedefaults/3?scoringPeriodId=0&view=kona_player_info,2026,3
Michael Penix Jr.,ATL,QB,113.602,6.682,4360423,QUESTIONABLE,ESPN 2026 PPR season projection,https://lm-api-reads.fantasy.espn.com/apis/v3/games/ffl/seasons/2026/segments/0/leaguedefaults/3?scoringPeriodId=0&view=kona_player_info,2026,3
Jaylin Noel,HOU,WR,113.264,6.663,4586312,QUESTIONABLE,ESPN 2026 PPR season projection,https://lm-api-reads.fantasy.espn.com/apis/v3/games/ffl/seasons/2026/segments/0/leaguedefaults/3?scoringPeriodId=0&view=kona_player_info,2026,3
Travis Hunter,JAX,WR,113.112,6.654,4685415,ACTIVE,ESPN 2026 PPR season projection,https://lm-api-reads.fantasy.espn.com/apis/v3/games/ffl/seasons/2026/segments/0/leaguedefaults/3?scoringPeriodId=0&view=kona_player_info,2026,3
Germie Bernard,PIT,WR,108.811,6.401,4685261,ACTIVE,ESPN 2026 PPR season projection,https://lm-api-reads.fantasy.espn.com/apis/v3/games/ffl/seasons/2026/segments/0/leaguedefaults/3?scoringPeriodId=0&view=kona_player_info,2026,3
Dontayvion Wicks,PHI,WR,108.217,6.366,4428850,ACTIVE,ESPN 2026 PPR season projection,https://lm-api-reads.fantasy.espn.com/apis/v3/games/ffl/seasons/2026/segments/0/leaguedefaults/3?scoringPeriodId=0&view=kona_player_info,2026,3
Lions D/ST,DET,DEF,107.821,6.342,-16008,,ESPN 2026 PPR season projection,https://lm-api-reads.fantasy.espn.com/apis/v3/games/ffl/seasons/2026/segments/0/leaguedefaults/3?scoringPeriodId=0&view=kona_player_info,2026,3
Eagles D/ST,PHI,DEF,106.839,6.285,-16021,,ESPN 2026 PPR season projection,https://lm-api-reads.fantasy.espn.com/apis/v3/games/ffl/seasons/2026/segments/0/leaguedefaults/3?scoringPeriodId=0&view=kona_player_info,2026,3
Evan Engram,DEN,TE,106.603,6.271,3051876,ACTIVE,ESPN 2026 PPR season projection,https://lm-api-reads.fantasy.espn.com/apis/v3/games/ffl/seasons/2026/segments/0/leaguedefaults/3?scoringPeriodId=0&view=kona_player_info,2026,3
David Njoku,LAC,TE,104.356,6.139,3123076,ACTIVE,ESPN 2026 PPR season projection,https://lm-api-reads.fantasy.espn.com/apis/v3/games/ffl/seasons/2026/segments/0/leaguedefaults/3?scoringPeriodId=0&view=kona_player_info,2026,3
Browns D/ST,CLE,DEF,104.290,6.135,-16005,,ESPN 2026 PPR season projection,https://lm-api-reads.fantasy.espn.com/apis/v3/games/ffl/seasons/2026/segments/0/leaguedefaults/3?scoringPeriodId=0&view=kona_player_info,2026,3
Cade Otton,TB,TE,102.103,6.006,4243331,ACTIVE,ESPN 2026 PPR season projection,https://lm-api-reads.fantasy.espn.com/apis/v3/games/ffl/seasons/2026/segments/0/leaguedefaults/3?scoringPeriodId=0&view=kona_player_info,2026,3
Cooper Kupp,SEA,WR,101.521,5.972,2977187,ACTIVE,ESPN 2026 PPR season projection,https://lm-api-reads.fantasy.espn.com/apis/v3/games/ffl/seasons/2026/segments/0/leaguedefaults/3?scoringPeriodId=0&view=kona_player_info,2026,3
Samaje Perine,CIN,RB,100.515,5.913,3116389,ACTIVE,ESPN 2026 PPR season projection,https://lm-api-reads.fantasy.espn.com/apis/v3/games/ffl/seasons/2026/segments/0/leaguedefaults/3?scoringPeriodId=0&view=kona_player_info,2026,3
Ja'Kobi Lane,BAL,WR,100.470,5.910,4870847,ACTIVE,ESPN 2026 PPR season projection,https://lm-api-reads.fantasy.espn.com/apis/v3/games/ffl/seasons/2026/segments/0/leaguedefaults/3?scoringPeriodId=0&view=kona_player_info,2026,3
Chiefs D/ST,KC,DEF,100.362,5.904,-16012,,ESPN 2026 PPR season projection,https://lm-api-reads.fantasy.espn.com/apis/v3/games/ffl/seasons/2026/segments/0/leaguedefaults/3?scoringPeriodId=0&view=kona_player_info,2026,3
Patriots D/ST,NE,DEF,100.287,5.899,-16017,,ESPN 2026 PPR season projection,https://lm-api-reads.fantasy.espn.com/apis/v3/games/ffl/seasons/2026/segments/0/leaguedefaults/3?scoringPeriodId=0&view=kona_player_info,2026,3
Jordyn Tyson,NO,WR,99.787,9.979,4880281,DOUBTFUL,ESPN 2026 PPR season projection,https://lm-api-reads.fantasy.espn.com/apis/v3/games/ffl/seasons/2026/segments/0/leaguedefaults/3?scoringPeriodId=0&view=kona_player_info,2026,3
Shedeur Sanders,CLE,QB,97.981,5.764,4432762,ACTIVE,ESPN 2026 PPR season projection,https://lm-api-reads.fantasy.espn.com/apis/v3/games/ffl/seasons/2026/segments/0/leaguedefaults/3?scoringPeriodId=0&view=kona_player_info,2026,3
Xavier Legette,CAR,WR,94.081,5.534,4430034,QUESTIONABLE,ESPN 2026 PPR season projection,https://lm-api-reads.fantasy.espn.com/apis/v3/games/ffl/seasons/2026/segments/0/leaguedefaults/3?scoringPeriodId=0&view=kona_player_info,2026,3
Brian Robinson Jr.,ATL,RB,93.962,5.527,4241474,ACTIVE,ESPN 2026 PPR season projection,https://lm-api-reads.fantasy.espn.com/apis/v3/games/ffl/seasons/2026/segments/0/leaguedefaults/3?scoringPeriodId=0&view=kona_player_info,2026,3
Keaton Mitchell,LAC,RB,93.889,5.523,4596334,QUESTIONABLE,ESPN 2026 PPR season projection,https://lm-api-reads.fantasy.espn.com/apis/v3/games/ffl/seasons/2026/segments/0/leaguedefaults/3?scoringPeriodId=0&view=kona_player_info,2026,3
Chargers D/ST,LAC,DEF,93.406,5.494,-16024,,ESPN 2026 PPR season projection,https://lm-api-reads.fantasy.espn.com/apis/v3/games/ffl/seasons/2026/segments/0/leaguedefaults/3?scoringPeriodId=0&view=kona_player_info,2026,3
Buccaneers D/ST,TB,DEF,92.800,5.459,-16027,,ESPN 2026 PPR season projection,https://lm-api-reads.fantasy.espn.com/apis/v3/games/ffl/seasons/2026/segments/0/leaguedefaults/3?scoringPeriodId=0&view=kona_player_info,2026,3
Jahan Dotson,ATL,WR,92.761,5.457,4361409,ACTIVE,ESPN 2026 PPR season projection,https://lm-api-reads.fantasy.espn.com/apis/v3/games/ffl/seasons/2026/segments/0/leaguedefaults/3?scoringPeriodId=0&view=kona_player_info,2026,3
Tyler Allgeier,ARI,RB,91.273,5.369,4373626,ACTIVE,ESPN 2026 PPR season projection,https://lm-api-reads.fantasy.espn.com/apis/v3/games/ffl/seasons/2026/segments/0/leaguedefaults/3?scoringPeriodId=0&view=kona_player_info,2026,3
Saints D/ST,NO,DEF,90.569,5.328,-16018,,ESPN 2026 PPR season projection,https://lm-api-reads.fantasy.espn.com/apis/v3/games/ffl/seasons/2026/segments/0/leaguedefaults/3?scoringPeriodId=0&view=kona_player_info,2026,3
Packers D/ST,GB,DEF,90.320,5.313,-16009,,ESPN 2026 PPR season projection,https://lm-api-reads.fantasy.espn.com/apis/v3/games/ffl/seasons/2026/segments/0/leaguedefaults/3?scoringPeriodId=0&view=kona_player_info,2026,3
Tre' Harris,LAC,WR,89.877,5.287,4686612,QUESTIONABLE,ESPN 2026 PPR season projection,https://lm-api-reads.fantasy.espn.com/apis/v3/games/ffl/seasons/2026/segments/0/leaguedefaults/3?scoringPeriodId=0&view=kona_player_info,2026,3
Ryan Flournoy,DAL,WR,89.326,5.254,5083754,ACTIVE,ESPN 2026 PPR season projection,https://lm-api-reads.fantasy.espn.com/apis/v3/games/ffl/seasons/2026/segments/0/leaguedefaults/3?scoringPeriodId=0&view=kona_player_info,2026,3
Bears D/ST,CHI,DEF,88.962,5.233,-16003,,ESPN 2026 PPR season projection,https://lm-api-reads.fantasy.espn.com/apis/v3/games/ffl/seasons/2026/segments/0/leaguedefaults/3?scoringPeriodId=0&view=kona_player_info,2026,3
Darius Slayton,NYG,WR,88.729,5.219,3916945,ACTIVE,ESPN 2026 PPR season projection,https://lm-api-reads.fantasy.espn.com/apis/v3/games/ffl/seasons/2026/segments/0/leaguedefaults/3?scoringPeriodId=0&view=kona_player_info,2026,3
Kayshon Boutte,HOU,WR,87.490,5.146,4429022,ACTIVE,ESPN 2026 PPR season projection,https://lm-api-reads.fantasy.espn.com/apis/v3/games/ffl/seasons/2026/segments/0/leaguedefaults/3?scoringPeriodId=0&view=kona_player_info,2026,3
Dylan Sampson,CLE,RB,86.903,5.112,5081397,ACTIVE,ESPN 2026 PPR season projection,https://lm-api-reads.fantasy.espn.com/apis/v3/games/ffl/seasons/2026/segments/0/leaguedefaults/3?scoringPeriodId=0&view=kona_player_info,2026,3
MarShawn Lloyd,GB,RB,86.280,5.075,4429023,ACTIVE,ESPN 2026 PPR season projection,https://lm-api-reads.fantasy.espn.com/apis/v3/games/ffl/seasons/2026/segments/0/leaguedefaults/3?scoringPeriodId=0&view=kona_player_info,2026,3
Mike Gesicki,CIN,TE,85.809,5.048,3116164,ACTIVE,ESPN 2026 PPR season projection,https://lm-api-reads.fantasy.espn.com/apis/v3/games/ffl/seasons/2026/segments/0/leaguedefaults/3?scoringPeriodId=0&view=kona_player_info,2026,3
Jalen Tolbert,MIA,WR,85.604,5.036,4249417,ACTIVE,ESPN 2026 PPR season projection,https://lm-api-reads.fantasy.espn.com/apis/v3/games/ffl/seasons/2026/segments/0/leaguedefaults/3?scoringPeriodId=0&view=kona_player_info,2026,3
Ty Johnson,BUF,RB,84.761,4.986,3915411,QUESTIONABLE,ESPN 2026 PPR season projection,https://lm-api-reads.fantasy.espn.com/apis/v3/games/ffl/seasons/2026/segments/0/leaguedefaults/3?scoringPeriodId=0&view=kona_player_info,2026,3
Jets D/ST,NYJ,DEF,84.453,4.968,-16020,,ESPN 2026 PPR season projection,https://lm-api-reads.fantasy.espn.com/apis/v3/games/ffl/seasons/2026/segments/0/leaguedefaults/3?scoringPeriodId=0&view=kona_player_info,2026,3
49ers D/ST,SF,DEF,82.919,4.878,-16025,,ESPN 2026 PPR season projection,https://lm-api-reads.fantasy.espn.com/apis/v3/games/ffl/seasons/2026/segments/0/leaguedefaults/3?scoringPeriodId=0&view=kona_player_info,2026,3
Zachariah Branch,ATL,WR,82.521,4.854,4870612,ACTIVE,ESPN 2026 PPR season projection,https://lm-api-reads.fantasy.espn.com/apis/v3/games/ffl/seasons/2026/segments/0/leaguedefaults/3?scoringPeriodId=0&view=kona_player_info,2026,3
Jaguars D/ST,JAX,DEF,81.383,4.787,-16030,,ESPN 2026 PPR season projection,https://lm-api-reads.fantasy.espn.com/apis/v3/games/ffl/seasons/2026/segments/0/leaguedefaults/3?scoringPeriodId=0&view=kona_player_info,2026,3
Michael Mayer,LV,TE,80.974,4.763,4429086,ACTIVE,ESPN 2026 PPR season projection,https://lm-api-reads.fantasy.espn.com/apis/v3/games/ffl/seasons/2026/segments/0/leaguedefaults/3?scoringPeriodId=0&view=kona_player_info,2026,3
Cowboys D/ST,DAL,DEF,78.697,4.629,-16006,,ESPN 2026 PPR season projection,https://lm-api-reads.fantasy.espn.com/apis/v3/games/ffl/seasons/2026/segments/0/leaguedefaults/3?scoringPeriodId=0&view=kona_player_info,2026,3
Antonio Williams,WAS,WR,77.833,4.578,5081432,ACTIVE,ESPN 2026 PPR season projection,https://lm-api-reads.fantasy.espn.com/apis/v3/games/ffl/seasons/2026/segments/0/leaguedefaults/3?scoringPeriodId=0&view=kona_player_info,2026,3
Tyquan Thornton,KC,WR,77.485,4.558,4362921,ACTIVE,ESPN 2026 PPR season projection,https://lm-api-reads.fantasy.espn.com/apis/v3/games/ffl/seasons/2026/segments/0/leaguedefaults/3?scoringPeriodId=0&view=kona_player_info,2026,3
Oronde Gadsden,LAC,TE,77.264,4.545,4595342,ACTIVE,ESPN 2026 PPR season projection,https://lm-api-reads.fantasy.espn.com/apis/v3/games/ffl/seasons/2026/segments/0/leaguedefaults/3?scoringPeriodId=0&view=kona_player_info,2026,3
Braelon Allen,NYJ,RB,76.672,4.510,4685247,ACTIVE,ESPN 2026 PPR season projection,https://lm-api-reads.fantasy.espn.com/apis/v3/games/ffl/seasons/2026/segments/0/leaguedefaults/3?scoringPeriodId=0&view=kona_player_info,2026,3
Keon Coleman,BUF,WR,75.437,4.437,4635008,QUESTIONABLE,ESPN 2026 PPR season projection,https://lm-api-reads.fantasy.espn.com/apis/v3/games/ffl/seasons/2026/segments/0/leaguedefaults/3?scoringPeriodId=0&view=kona_player_info,2026,3
Colby Parkinson,LAR,TE,75.350,4.432,4242557,ACTIVE,ESPN 2026 PPR season projection,https://lm-api-reads.fantasy.espn.com/apis/v3/games/ffl/seasons/2026/segments/0/leaguedefaults/3?scoringPeriodId=0&view=kona_player_info,2026,3
Colts D/ST,IND,DEF,75.157,4.421,-16011,,ESPN 2026 PPR season projection,https://lm-api-reads.fantasy.espn.com/apis/v3/games/ffl/seasons/2026/segments/0/leaguedefaults/3?scoringPeriodId=0&view=kona_player_info,2026,3
Jonah Coleman,DEN,RB,74.475,4.381,4702555,ACTIVE,ESPN 2026 PPR season projection,https://lm-api-reads.fantasy.espn.com/apis/v3/games/ffl/seasons/2026/segments/0/leaguedefaults/3?scoringPeriodId=0&view=kona_player_info,2026,3
Vikings D/ST,MIN,DEF,74.308,4.371,-16016,,ESPN 2026 PPR season projection,https://lm-api-reads.fantasy.espn.com/apis/v3/games/ffl/seasons/2026/segments/0/leaguedefaults/3?scoringPeriodId=0&view=kona_player_info,2026,3
Bengals D/ST,CIN,DEF,73.470,4.322,-16004,,ESPN 2026 PPR season projection,https://lm-api-reads.fantasy.espn.com/apis/v3/games/ffl/seasons/2026/segments/0/leaguedefaults/3?scoringPeriodId=0&view=kona_player_info,2026,3
Isaac TeSlaa,DET,WR,72.848,4.285,5123663,ACTIVE,ESPN 2026 PPR season projection,https://lm-api-reads.fantasy.espn.com/apis/v3/games/ffl/seasons/2026/segments/0/leaguedefaults/3?scoringPeriodId=0&view=kona_player_info,2026,3
Pat Bryant,DEN,WR,72.833,4.284,4600981,ACTIVE,ESPN 2026 PPR season projection,https://lm-api-reads.fantasy.espn.com/apis/v3/games/ffl/seasons/2026/segments/0/leaguedefaults/3?scoringPeriodId=0&view=kona_player_info,2026,3
Darnell Washington,PIT,TE,72.500,4.265,4430802,ACTIVE,ESPN 2026 PPR season projection,https://lm-api-reads.fantasy.espn.com/apis/v3/games/ffl/seasons/2026/segments/0/leaguedefaults/3?scoringPeriodId=0&view=kona_player_info,2026,3
Chris Rodriguez Jr.,JAX,RB,71.442,4.202,4362619,ACTIVE,ESPN 2026 PPR season projection,https://lm-api-reads.fantasy.espn.com/apis/v3/games/ffl/seasons/2026/segments/0/leaguedefaults/3?scoringPeriodId=0&view=kona_player_info,2026,3
Giants D/ST,NYG,DEF,70.049,4.121,-16019,,ESPN 2026 PPR season projection,https://lm-api-reads.fantasy.espn.com/apis/v3/games/ffl/seasons/2026/segments/0/leaguedefaults/3?scoringPeriodId=0&view=kona_player_info,2026,3
Marvin Mims Jr.,DEN,WR,69.914,4.113,4686472,ACTIVE,ESPN 2026 PPR season projection,https://lm-api-reads.fantasy.espn.com/apis/v3/games/ffl/seasons/2026/segments/0/leaguedefaults/3?scoringPeriodId=0&view=kona_player_info,2026,3
Dawson Knox,BUF,TE,68.188,4.011,3930086,ACTIVE,ESPN 2026 PPR season projection,https://lm-api-reads.fantasy.espn.com/apis/v3/games/ffl/seasons/2026/segments/0/leaguedefaults/3?scoringPeriodId=0&view=kona_player_info,2026,3
Omar Cooper Jr.,NYJ,WR,67.318,3.960,4723820,ACTIVE,ESPN 2026 PPR season projection,https://lm-api-reads.fantasy.espn.com/apis/v3/games/ffl/seasons/2026/segments/0/leaguedefaults/3?scoringPeriodId=0&view=kona_player_info,2026,3
Titans D/ST,TEN,DEF,67.033,3.943,-16010,,ESPN 2026 PPR season projection,https://lm-api-reads.fantasy.espn.com/apis/v3/games/ffl/seasons/2026/segments/0/leaguedefaults/3?scoringPeriodId=0&view=kona_player_info,2026,3
KaVontae Turpin,DAL,WR,66.778,3.928,3676833,ACTIVE,ESPN 2026 PPR season projection,https://lm-api-reads.fantasy.espn.com/apis/v3/games/ffl/seasons/2026/segments/0/leaguedefaults/3?scoringPeriodId=0&view=kona_player_info,2026,3
Tyrone Tracy Jr.,NYG,RB,66.582,3.917,4360516,ACTIVE,ESPN 2026 PPR season projection,https://lm-api-reads.fantasy.espn.com/apis/v3/games/ffl/seasons/2026/segments/0/leaguedefaults/3?scoringPeriodId=0&view=kona_player_info,2026,3
Xavier Hutchinson,HOU,WR,66.367,3.904,4686422,ACTIVE,ESPN 2026 PPR season projection,https://lm-api-reads.fantasy.espn.com/apis/v3/games/ffl/seasons/2026/segments/0/leaguedefaults/3?scoringPeriodId=0&view=kona_player_info,2026,3
Mason Taylor,NYJ,TE,66.274,3.898,4808766,ACTIVE,ESPN 2026 PPR season projection,https://lm-api-reads.fantasy.espn.com/apis/v3/games/ffl/seasons/2026/segments/0/leaguedefaults/3?scoringPeriodId=0&view=kona_player_info,2026,3
Jack Bech,LV,WR,65.943,3.879,4603186,ACTIVE,ESPN 2026 PPR season projection,https://lm-api-reads.fantasy.espn.com/apis/v3/games/ffl/seasons/2026/segments/0/leaguedefaults/3?scoringPeriodId=0&view=kona_player_info,2026,3
Tory Horton,SEA,WR,65.492,3.852,4597703,QUESTIONABLE,ESPN 2026 PPR season projection,https://lm-api-reads.fantasy.espn.com/apis/v3/games/ffl/seasons/2026/segments/0/leaguedefaults/3?scoringPeriodId=0&view=kona_player_info,2026,3
Mike Washington Jr.,LV,RB,65.166,3.833,4686658,ACTIVE,ESPN 2026 PPR season projection,https://lm-api-reads.fantasy.espn.com/apis/v3/games/ffl/seasons/2026/segments/0/leaguedefaults/3?scoringPeriodId=0&view=kona_player_info,2026,3
Ted Hurst III,TB,WR,64.943,3.820,5220680,ACTIVE,ESPN 2026 PPR season projection,https://lm-api-reads.fantasy.espn.com/apis/v3/games/ffl/seasons/2026/segments/0/leaguedefaults/3?scoringPeriodId=0&view=kona_player_info,2026,3
Tank Bigsby,PHI,RB,64.170,3.775,4429013,ACTIVE,ESPN 2026 PPR season projection,https://lm-api-reads.fantasy.espn.com/apis/v3/games/ffl/seasons/2026/segments/0/leaguedefaults/3?scoringPeriodId=0&view=kona_player_info,2026,3
Emari Demercado,KC,RB,63.793,3.753,4362478,ACTIVE,ESPN 2026 PPR season projection,https://lm-api-reads.fantasy.espn.com/apis/v3/games/ffl/seasons/2026/segments/0/leaguedefaults/3?scoringPeriodId=0&view=kona_player_info,2026,3
Darnell Mooney,NYG,WR,63.763,3.751,4040655,ACTIVE,ESPN 2026 PPR season projection,https://lm-api-reads.fantasy.espn.com/apis/v3/games/ffl/seasons/2026/segments/0/leaguedefaults/3?scoringPeriodId=0&view=kona_player_info,2026,3
Panthers D/ST,CAR,DEF,62.267,3.663,-16029,,ESPN 2026 PPR season projection,https://lm-api-reads.fantasy.espn.com/apis/v3/games/ffl/seasons/2026/segments/0/leaguedefaults/3?scoringPeriodId=0&view=kona_player_info,2026,3
Theo Johnson,NYG,TE,61.776,3.634,4429148,QUESTIONABLE,ESPN 2026 PPR season projection,https://lm-api-reads.fantasy.espn.com/apis/v3/games/ffl/seasons/2026/segments/0/leaguedefaults/3?scoringPeriodId=0&view=kona_player_info,2026,3
Commanders D/ST,WAS,DEF,61.736,3.632,-16028,,ESPN 2026 PPR season projection,https://lm-api-reads.fantasy.espn.com/apis/v3/games/ffl/seasons/2026/segments/0/leaguedefaults/3?scoringPeriodId=0&view=kona_player_info,2026,3
DeMario Douglas,NE,WR,61.496,3.617,4427095,ACTIVE,ESPN 2026 PPR season projection,https://lm-api-reads.fantasy.espn.com/apis/v3/games/ffl/seasons/2026/segments/0/leaguedefaults/3?scoringPeriodId=0&view=kona_player_info,2026,3
Chris Bell,MIA,WR,61.364,4.720,4869961,ACTIVE,ESPN 2026 PPR season projection,https://lm-api-reads.fantasy.espn.com/apis/v3/games/ffl/seasons/2026/segments/0/leaguedefaults/3?scoringPeriodId=0&view=kona_player_info,2026,3
Noah Gray,KC,TE,60.833,3.578,4240472,ACTIVE,ESPN 2026 PPR season projection,https://lm-api-reads.fantasy.espn.com/apis/v3/games/ffl/seasons/2026/segments/0/leaguedefaults/3?scoringPeriodId=0&view=kona_player_info,2026,3
Elijah Arroyo,SEA,TE,60.616,3.566,4678006,ACTIVE,ESPN 2026 PPR season projection,https://lm-api-reads.fantasy.espn.com/apis/v3/games/ffl/seasons/2026/segments/0/leaguedefaults/3?scoringPeriodId=0&view=kona_player_info,2026,3
Savion Williams,GB,WR,60.590,3.564,4431487,ACTIVE,ESPN 2026 PPR season projection,https://lm-api-reads.fantasy.espn.com/apis/v3/games/ffl/seasons/2026/segments/0/leaguedefaults/3?scoringPeriodId=0&view=kona_player_info,2026,3
Falcons D/ST,ATL,DEF,60.571,3.563,-16001,,ESPN 2026 PPR season projection,https://lm-api-reads.fantasy.espn.com/apis/v3/games/ffl/seasons/2026/segments/0/leaguedefaults/3?scoringPeriodId=0&view=kona_player_info,2026,3
Kaelon Black,SF,RB,60.538,3.561,4696044,ACTIVE,ESPN 2026 PPR season projection,https://lm-api-reads.fantasy.espn.com/apis/v3/games/ffl/seasons/2026/segments/0/leaguedefaults/3?scoringPeriodId=0&view=kona_player_info,2026,3
Erick All Jr.,CIN,TE,60.521,3.560,4427834,ACTIVE,ESPN 2026 PPR season projection,https://lm-api-reads.fantasy.espn.com/apis/v3/games/ffl/seasons/2026/segments/0/leaguedefaults/3?scoringPeriodId=0&view=kona_player_info,2026,3
Malachi Fields,NYG,WR,59.902,3.524,4682648,ACTIVE,ESPN 2026 PPR season projection,https://lm-api-reads.fantasy.espn.com/apis/v3/games/ffl/seasons/2026/segments/0/leaguedefaults/3?scoringPeriodId=0&view=kona_player_info,2026,3
Bills D/ST,BUF,DEF,58.532,3.443,-16002,,ESPN 2026 PPR season projection,https://lm-api-reads.fantasy.espn.com/apis/v3/games/ffl/seasons/2026/segments/0/leaguedefaults/3?scoringPeriodId=0&view=kona_player_info,2026,3
Andrei Iosivas,CIN,WR,58.163,3.421,4368003,ACTIVE,ESPN 2026 PPR season projection,https://lm-api-reads.fantasy.espn.com/apis/v3/games/ffl/seasons/2026/segments/0/leaguedefaults/3?scoringPeriodId=0&view=kona_player_info,2026,3
Tutu Atwell,MIA,WR,57.032,3.355,4360797,ACTIVE,ESPN 2026 PPR season projection,https://lm-api-reads.fantasy.espn.com/apis/v3/games/ffl/seasons/2026/segments/0/leaguedefaults/3?scoringPeriodId=0&view=kona_player_info,2026,3
Jaydon Blue,DAL,RB,54.934,3.231,4685279,ACTIVE,ESPN 2026 PPR season projection,https://lm-api-reads.fantasy.espn.com/apis/v3/games/ffl/seasons/2026/segments/0/leaguedefaults/3?scoringPeriodId=0&view=kona_player_info,2026,3
Raiders D/ST,LV,DEF,53.872,3.169,-16013,,ESPN 2026 PPR season projection,https://lm-api-reads.fantasy.espn.com/apis/v3/games/ffl/seasons/2026/segments/0/leaguedefaults/3?scoringPeriodId=0&view=kona_player_info,2026,3
Cole Kmet,CHI,TE,53.601,3.153,4258595,ACTIVE,ESPN 2026 PPR season projection,https://lm-api-reads.fantasy.espn.com/apis/v3/games/ffl/seasons/2026/segments/0/leaguedefaults/3?scoringPeriodId=0&view=kona_player_info,2026,3
Isaiah Davis,NYJ,RB,50.983,2.999,4695404,QUESTIONABLE,ESPN 2026 PPR season projection,https://lm-api-reads.fantasy.espn.com/apis/v3/games/ffl/seasons/2026/segments/0/leaguedefaults/3?scoringPeriodId=0&view=kona_player_info,2026,3
Troy Franklin,DEN,WR,50.740,2.985,4431280,ACTIVE,ESPN 2026 PPR season projection,https://lm-api-reads.fantasy.espn.com/apis/v3/games/ffl/seasons/2026/segments/0/leaguedefaults/3?scoringPeriodId=0&view=kona_player_info,2026,3
Cardinals D/ST,ARI,DEF,50.706,2.983,-16022,,ESPN 2026 PPR season projection,https://lm-api-reads.fantasy.espn.com/apis/v3/games/ffl/seasons/2026/segments/0/leaguedefaults/3?scoringPeriodId=0&view=kona_player_info,2026,3
Kendrick Bourne,ARI,WR,50.290,2.958,3045523,ACTIVE,ESPN 2026 PPR season projection,https://lm-api-reads.fantasy.espn.com/apis/v3/games/ffl/seasons/2026/segments/0/leaguedefaults/3?scoringPeriodId=0&view=kona_player_info,2026,3
Najee Harris,NYG,RB,49.963,2.939,4241457,ACTIVE,ESPN 2026 PPR season projection,https://lm-api-reads.fantasy.espn.com/apis/v3/games/ffl/seasons/2026/segments/0/leaguedefaults/3?scoringPeriodId=0&view=kona_player_info,2026,3
Malik Benson,LV,WR,48.333,2.843,5150247,ACTIVE,ESPN 2026 PPR season projection,https://lm-api-reads.fantasy.espn.com/apis/v3/games/ffl/seasons/2026/segments/0/leaguedefaults/3?scoringPeriodId=0&view=kona_player_info,2026,3
Kalif Raymond,CHI,WR,47.973,2.822,2973405,ACTIVE,ESPN 2026 PPR season projection,https://lm-api-reads.fantasy.espn.com/apis/v3/games/ffl/seasons/2026/segments/0/leaguedefaults/3?scoringPeriodId=0&view=kona_player_info,2026,3
Dyami Brown,WAS,WR,46.964,2.763,4361577,ACTIVE,ESPN 2026 PPR season projection,https://lm-api-reads.fantasy.espn.com/apis/v3/games/ffl/seasons/2026/segments/0/leaguedefaults/3?scoringPeriodId=0&view=kona_player_info,2026,3
Isaiah Williams,NYJ,WR,46.778,2.752,4569371,ACTIVE,ESPN 2026 PPR season projection,https://lm-api-reads.fantasy.espn.com/apis/v3/games/ffl/seasons/2026/segments/0/leaguedefaults/3?scoringPeriodId=0&view=kona_player_info,2026,3
Emmett Johnson,KC,RB,46.580,2.740,4832955,ACTIVE,ESPN 2026 PPR season projection,https://lm-api-reads.fantasy.espn.com/apis/v3/games/ffl/seasons/2026/segments/0/leaguedefaults/3?scoringPeriodId=0&view=kona_player_info,2026,3
LeQuint Allen Jr.,JAX,RB,46.424,2.731,4911851,QUESTIONABLE,ESPN 2026 PPR season projection,https://lm-api-reads.fantasy.espn.com/apis/v3/games/ffl/seasons/2026/segments/0/leaguedefaults/3?scoringPeriodId=0&view=kona_player_info,2026,3
Kirk Cousins,LV,QB,45.825,2.696,14880,ACTIVE,ESPN 2026 PPR season projection,https://lm-api-reads.fantasy.espn.com/apis/v3/games/ffl/seasons/2026/segments/0/leaguedefaults/3?scoringPeriodId=0&view=kona_player_info,2026,3
Treylon Burks,WAS,WR,44.962,2.645,4567156,ACTIVE,ESPN 2026 PPR season projection,https://lm-api-reads.fantasy.espn.com/apis/v3/games/ffl/seasons/2026/segments/0/leaguedefaults/3?scoringPeriodId=0&view=kona_player_info,2026,3
Kyle Juszczyk,SF,RB,44.931,2.643,16002,QUESTIONABLE,ESPN 2026 PPR season projection,https://lm-api-reads.fantasy.espn.com/apis/v3/games/ffl/seasons/2026/segments/0/leaguedefaults/3?scoringPeriodId=0&view=kona_player_info,2026,3
Joshua Palmer,BUF,WR,44.762,2.633,4242433,ACTIVE,ESPN 2026 PPR season projection,https://lm-api-reads.fantasy.espn.com/apis/v3/games/ffl/seasons/2026/segments/0/leaguedefaults/3?scoringPeriodId=0&view=kona_player_info,2026,3
Dolphins D/ST,MIA,DEF,44.459,2.615,-16015,,ESPN 2026 PPR season projection,https://lm-api-reads.fantasy.espn.com/apis/v3/games/ffl/seasons/2026/segments/0/leaguedefaults/3?scoringPeriodId=0&view=kona_player_info,2026,3
Cyrus Allen,KC,WR,43.975,2.587,4912218,ACTIVE,ESPN 2026 PPR season projection,https://lm-api-reads.fantasy.espn.com/apis/v3/games/ffl/seasons/2026/segments/0/leaguedefaults/3?scoringPeriodId=0&view=kona_player_info,2026,3
Devontez Walker,BAL,WR,43.961,2.586,4696882,ACTIVE,ESPN 2026 PPR season projection,https://lm-api-reads.fantasy.espn.com/apis/v3/games/ffl/seasons/2026/segments/0/leaguedefaults/3?scoringPeriodId=0&view=kona_player_info,2026,3
Tommy Tremble,CAR,TE,43.632,2.567,4372780,ACTIVE,ESPN 2026 PPR season projection,https://lm-api-reads.fantasy.espn.com/apis/v3/games/ffl/seasons/2026/segments/0/leaguedefaults/3?scoringPeriodId=0&view=kona_player_info,2026,3
Austin Hooper,ATL,TE,43.446,2.556,3043275,ACTIVE,ESPN 2026 PPR season projection,https://lm-api-reads.fantasy.espn.com/apis/v3/games/ffl/seasons/2026/segments/0/leaguedefaults/3?scoringPeriodId=0&view=kona_player_info,2026,3
Jaylen Wright,MIA,RB,43.431,2.555,4682745,ACTIVE,ESPN 2026 PPR season projection,https://lm-api-reads.fantasy.espn.com/apis/v3/games/ffl/seasons/2026/segments/0/leaguedefaults/3?scoringPeriodId=0&view=kona_player_info,2026,3
Elijah Higgins,ARI,TE,42.966,2.527,4426844,QUESTIONABLE,ESPN 2026 PPR season projection,https://lm-api-reads.fantasy.espn.com/apis/v3/games/ffl/seasons/2026/segments/0/leaguedefaults/3?scoringPeriodId=0&view=kona_player_info,2026,3
Ja'Tavion Sanders,CAR,TE,42.308,2.489,4431588,ACTIVE,ESPN 2026 PPR season projection,https://lm-api-reads.fantasy.espn.com/apis/v3/games/ffl/seasons/2026/segments/0/leaguedefaults/3?scoringPeriodId=0&view=kona_player_info,2026,3
George Holani,SEA,RB,41.461,2.439,4429835,ACTIVE,ESPN 2026 PPR season projection,https://lm-api-reads.fantasy.espn.com/apis/v3/games/ffl/seasons/2026/segments/0/leaguedefaults/3?scoringPeriodId=0&view=kona_player_info,2026,3
Will Kacmarek,MIA,TE,39.945,2.350,4880236,ACTIVE,ESPN 2026 PPR season projection,https://lm-api-reads.fantasy.espn.com/apis/v3/games/ffl/seasons/2026/segments/0/leaguedefaults/3?scoringPeriodId=0&view=kona_player_info,2026,3
J.J. McCarthy,MIN,QB,39.835,2.343,4433970,QUESTIONABLE,ESPN 2026 PPR season projection,https://lm-api-reads.fantasy.espn.com/apis/v3/games/ffl/seasons/2026/segments/0/leaguedefaults/3?scoringPeriodId=0&view=kona_player_info,2026,3
Colbie Young,CIN,WR,39.614,2.330,5092508,ACTIVE,ESPN 2026 PPR season projection,https://lm-api-reads.fantasy.espn.com/apis/v3/games/ffl/seasons/2026/segments/0/leaguedefaults/3?scoringPeriodId=0&view=kona_player_info,2026,3
Bryce Lance,NO,WR,39.520,2.325,4879276,ACTIVE,ESPN 2026 PPR season projection,https://lm-api-reads.fantasy.espn.com/apis/v3/games/ffl/seasons/2026/segments/0/leaguedefaults/3?scoringPeriodId=0&view=kona_player_info,2026,3
Chimere Dike,TEN,WR,39.445,2.320,4431268,ACTIVE,ESPN 2026 PPR season projection,https://lm-api-reads.fantasy.espn.com/apis/v3/games/ffl/seasons/2026/segments/0/leaguedefaults/3?scoringPeriodId=0&view=kona_player_info,2026,3
Drew Sample,CIN,TE,38.819,2.283,3127310,ACTIVE,ESPN 2026 PPR season projection,https://lm-api-reads.fantasy.espn.com/apis/v3/games/ffl/seasons/2026/segments/0/leaguedefaults/3?scoringPeriodId=0&view=kona_player_info,2026,3
Josh Oliver,MIN,TE,38.411,2.259,3921690,ACTIVE,ESPN 2026 PPR season projection,https://lm-api-reads.fantasy.espn.com/apis/v3/games/ffl/seasons/2026/segments/0/leaguedefaults/3?scoringPeriodId=0&view=kona_player_info,2026,3
Ray Davis,BUF,RB,38.127,2.243,4429501,ACTIVE,ESPN 2026 PPR season projection,https://lm-api-reads.fantasy.espn.com/apis/v3/games/ffl/seasons/2026/segments/0/leaguedefaults/3?scoringPeriodId=0&view=kona_player_info,2026,3
Tyler Higbee,LAR,TE,38.093,2.241,2573401,ACTIVE,ESPN 2026 PPR season projection,https://lm-api-reads.fantasy.espn.com/apis/v3/games/ffl/seasons/2026/segments/0/leaguedefaults/3?scoringPeriodId=0&view=kona_player_info,2026,3
Jaylin Lane,WAS,WR,37.329,2.196,4602667,ACTIVE,ESPN 2026 PPR season projection,https://lm-api-reads.fantasy.espn.com/apis/v3/games/ffl/seasons/2026/segments/0/leaguedefaults/3?scoringPeriodId=0&view=kona_player_info,2026,3
Christian Kirk,SF,WR,37.269,2.192,3895856,QUESTIONABLE,ESPN 2026 PPR season projection,https://lm-api-reads.fantasy.espn.com/apis/v3/games/ffl/seasons/2026/segments/0/leaguedefaults/3?scoringPeriodId=0&view=kona_player_info,2026,3
Eli Raridon,NE,TE,37.045,2.179,4831959,ACTIVE,ESPN 2026 PPR season projection,https://lm-api-reads.fantasy.espn.com/apis/v3/games/ffl/seasons/2026/segments/0/leaguedefaults/3?scoringPeriodId=0&view=kona_player_info,2026,3
Sean Tucker,TB,RB,36.933,2.173,4430871,ACTIVE,ESPN 2026 PPR season projection,https://lm-api-reads.fantasy.espn.com/apis/v3/games/ffl/seasons/2026/segments/0/leaguedefaults/3?scoringPeriodId=0&view=kona_player_info,2026,3
Kimani Vidal,LAC,RB,36.355,2.139,4430968,ACTIVE,ESPN 2026 PPR season projection,https://lm-api-reads.fantasy.espn.com/apis/v3/games/ffl/seasons/2026/segments/0/leaguedefaults/3?scoringPeriodId=0&view=kona_player_info,2026,3
Charlie Kolar,LAC,TE,36.196,2.129,4241263,ACTIVE,ESPN 2026 PPR season projection,https://lm-api-reads.fantasy.espn.com/apis/v3/games/ffl/seasons/2026/segments/0/leaguedefaults/3?scoringPeriodId=0&view=kona_player_info,2026,3
Zavion Thomas,CHI,WR,36.181,2.128,4869748,ACTIVE,ESPN 2026 PPR season projection,https://lm-api-reads.fantasy.espn.com/apis/v3/games/ffl/seasons/2026/segments/0/leaguedefaults/3?scoringPeriodId=0&view=kona_player_info,2026,3
Noah Fant,NO,TE,36.079,2.122,4036131,ACTIVE,ESPN 2026 PPR season projection,https://lm-api-reads.fantasy.espn.com/apis/v3/games/ffl/seasons/2026/segments/0/leaguedefaults/3?scoringPeriodId=0&view=kona_player_info,2026,3
DJ Giddens,IND,RB,36.022,2.119,4874509,ACTIVE,ESPN 2026 PPR season projection,https://lm-api-reads.fantasy.espn.com/apis/v3/games/ffl/seasons/2026/segments/0/leaguedefaults/3?scoringPeriodId=0&view=kona_player_info,2026,3
Chris Brooks,GB,RB,36.010,2.118,3149687,ACTIVE,ESPN 2026 PPR season projection,https://lm-api-reads.fantasy.espn.com/apis/v3/games/ffl/seasons/2026/segments/0/leaguedefaults/3?scoringPeriodId=0&view=kona_player_info,2026,3
Ollie Gordon II,MIA,RB,34.923,2.054,4711533,QUESTIONABLE,ESPN 2026 PPR season projection,https://lm-api-reads.fantasy.espn.com/apis/v3/games/ffl/seasons/2026/segments/0/leaguedefaults/3?scoringPeriodId=0&view=kona_player_info,2026,3
Cade Stover,HOU,TE,34.795,2.047,4426496,ACTIVE,ESPN 2026 PPR season projection,https://lm-api-reads.fantasy.espn.com/apis/v3/games/ffl/seasons/2026/segments/0/leaguedefaults/3?scoringPeriodId=0&view=kona_player_info,2026,3
John Bates,WAS,TE,34.591,2.035,4048228,QUESTIONABLE,ESPN 2026 PPR season projection,https://lm-api-reads.fantasy.espn.com/apis/v3/games/ffl/seasons/2026/segments/0/leaguedefaults/3?scoringPeriodId=0&view=kona_player_info,2026,3
Hollywood Brown,PHI,WR,33.764,1.986,4241372,ACTIVE,ESPN 2026 PPR season projection,https://lm-api-reads.fantasy.espn.com/apis/v3/games/ffl/seasons/2026/segments/0/leaguedefaults/3?scoringPeriodId=0&view=kona_player_info,2026,3
Elijah Sarratt,BAL,WR,33.613,1.977,5088338,ACTIVE,ESPN 2026 PPR season projection,https://lm-api-reads.fantasy.espn.com/apis/v3/games/ffl/seasons/2026/segments/0/leaguedefaults/3?scoringPeriodId=0&view=kona_player_info,2026,3
Kevin Coleman Jr.,MIA,WR,32.876,1.934,4685307,ACTIVE,ESPN 2026 PPR season projection,https://lm-api-reads.fantasy.espn.com/apis/v3/games/ffl/seasons/2026/segments/0/leaguedefaults/3?scoringPeriodId=0&view=kona_player_info,2026,3
Jake Tonges,SF,TE,32.837,1.932,4259147,ACTIVE,ESPN 2026 PPR season projection,https://lm-api-reads.fantasy.espn.com/apis/v3/games/ffl/seasons/2026/segments/0/leaguedefaults/3?scoringPeriodId=0&view=kona_player_info,2026,3
Olamide Zaccheaus,ATL,WR,32.316,1.901,3917914,ACTIVE,ESPN 2026 PPR season projection,https://lm-api-reads.fantasy.espn.com/apis/v3/games/ffl/seasons/2026/segments/0/leaguedefaults/3?scoringPeriodId=0&view=kona_player_info,2026,3
Jordan Whittington,LAR,WR,31.659,1.862,4569382,ACTIVE,ESPN 2026 PPR season projection,https://lm-api-reads.fantasy.espn.com/apis/v3/games/ffl/seasons/2026/segments/0/leaguedefaults/3?scoringPeriodId=0&view=kona_player_info,2026,3
Isaiah Bond,CLE,WR,30.561,1.798,4808839,ACTIVE,ESPN 2026 PPR season projection,https://lm-api-reads.fantasy.espn.com/apis/v3/games/ffl/seasons/2026/segments/0/leaguedefaults/3?scoringPeriodId=0&view=kona_player_info,2026,3
Ashton Dulin,IND,WR,29.891,1.758,4061956,ACTIVE,ESPN 2026 PPR season projection,https://lm-api-reads.fantasy.espn.com/apis/v3/games/ffl/seasons/2026/segments/0/leaguedefaults/3?scoringPeriodId=0&view=kona_player_info,2026,3
Tanner Hudson,CIN,TE,29.404,1.730,3050481,ACTIVE,ESPN 2026 PPR season projection,https://lm-api-reads.fantasy.espn.com/apis/v3/games/ffl/seasons/2026/segments/0/leaguedefaults/3?scoringPeriodId=0&view=kona_player_info,2026,3
Carson Beck,ARI,QB,29.301,7.325,4430841,QUESTIONABLE,ESPN 2026 PPR season projection,https://lm-api-reads.fantasy.espn.com/apis/v3/games/ffl/seasons/2026/segments/0/leaguedefaults/3?scoringPeriodId=0&view=kona_player_info,2026,3
Konata Mumpfield,LAR,WR,29.238,1.720,4710855,ACTIVE,ESPN 2026 PPR season projection,https://lm-api-reads.fantasy.espn.com/apis/v3/games/ffl/seasons/2026/segments/0/leaguedefaults/3?scoringPeriodId=0&view=kona_player_info,2026,3
Jordan James,SF,RB,29.225,1.719,4685397,QUESTIONABLE,ESPN 2026 PPR season projection,https://lm-api-reads.fantasy.espn.com/apis/v3/games/ffl/seasons/2026/segments/0/leaguedefaults/3?scoringPeriodId=0&view=kona_player_info,2026,3
Eli Stowers,PHI,TE,29.001,1.706,4431574,QUESTIONABLE,ESPN 2026 PPR season projection,https://lm-api-reads.fantasy.espn.com/apis/v3/games/ffl/seasons/2026/segments/0/leaguedefaults/3?scoringPeriodId=0&view=kona_player_info,2026,3
Roman Wilson,PIT,WR,28.867,1.698,4431492,ACTIVE,ESPN 2026 PPR season projection,https://lm-api-reads.fantasy.espn.com/apis/v3/games/ffl/seasons/2026/segments/0/leaguedefaults/3?scoringPeriodId=0&view=kona_player_info,2026,3
Adam Trautman,DEN,TE,28.805,1.694,3911853,ACTIVE,ESPN 2026 PPR season projection,https://lm-api-reads.fantasy.espn.com/apis/v3/games/ffl/seasons/2026/segments/0/leaguedefaults/3?scoringPeriodId=0&view=kona_player_info,2026,3
Skyler Bell,BUF,WR,28.487,1.676,4683153,ACTIVE,ESPN 2026 PPR season projection,https://lm-api-reads.fantasy.espn.com/apis/v3/games/ffl/seasons/2026/segments/0/leaguedefaults/3?scoringPeriodId=0&view=kona_player_info,2026,3
Phil Mafah,DAL,RB,28.209,1.659,4431562,QUESTIONABLE,ESPN 2026 PPR season projection,https://lm-api-reads.fantasy.espn.com/apis/v3/games/ffl/seasons/2026/segments/0/leaguedefaults/3?scoringPeriodId=0&view=kona_player_info,2026,3
Mack Hollins,NE,WR,28.073,1.651,2991662,ACTIVE,ESPN 2026 PPR season projection,https://lm-api-reads.fantasy.espn.com/apis/v3/games/ffl/seasons/2026/segments/0/leaguedefaults/3?scoringPeriodId=0&view=kona_player_info,2026,3
Will Shipley,PHI,RB,28.048,1.650,4431545,ACTIVE,ESPN 2026 PPR season projection,https://lm-api-reads.fantasy.espn.com/apis/v3/games/ffl/seasons/2026/segments/0/leaguedefaults/3?scoringPeriodId=0&view=kona_player_info,2026,3
Luke Schoonmaker,DAL,TE,27.669,1.628,4372096,ACTIVE,ESPN 2026 PPR season projection,https://lm-api-reads.fantasy.espn.com/apis/v3/games/ffl/seasons/2026/segments/0/leaguedefaults/3?scoringPeriodId=0&view=kona_player_info,2026,3
Mo Alie-Cox,IND,TE,27.556,1.621,2998565,ACTIVE,ESPN 2026 PPR season projection,https://lm-api-reads.fantasy.espn.com/apis/v3/games/ffl/seasons/2026/segments/0/leaguedefaults/3?scoringPeriodId=0&view=kona_player_info,2026,3
Brenen Thompson,LAC,WR,27.524,1.619,4685553,QUESTIONABLE,ESPN 2026 PPR season projection,https://lm-api-reads.fantasy.espn.com/apis/v3/games/ffl/seasons/2026/segments/0/leaguedefaults/3?scoringPeriodId=0&view=kona_player_info,2026,3
Jackson Hawes,BUF,TE,27.432,1.614,4573699,ACTIVE,ESPN 2026 PPR season projection,https://lm-api-reads.fantasy.espn.com/apis/v3/games/ffl/seasons/2026/segments/0/leaguedefaults/3?scoringPeriodId=0&view=kona_player_info,2026,3
Daniel Bellinger,TEN,TE,26.760,1.574,4361516,ACTIVE,ESPN 2026 PPR season projection,https://lm-api-reads.fantasy.espn.com/apis/v3/games/ffl/seasons/2026/segments/0/leaguedefaults/3?scoringPeriodId=0&view=kona_player_info,2026,3
Ben Sinnott,WAS,TE,26.644,1.567,4690923,QUESTIONABLE,ESPN 2026 PPR season projection,https://lm-api-reads.fantasy.espn.com/apis/v3/games/ffl/seasons/2026/segments/0/leaguedefaults/3?scoringPeriodId=0&view=kona_player_info,2026,3
Justin Watson,HOU,WR,25.806,1.518,3118892,ACTIVE,ESPN 2026 PPR season projection,https://lm-api-reads.fantasy.espn.com/apis/v3/games/ffl/seasons/2026/segments/0/leaguedefaults/3?scoringPeriodId=0&view=kona_player_info,2026,3
Jeremy Ruckert,NYJ,TE,25.334,1.490,4361372,ACTIVE,ESPN 2026 PPR season projection,https://lm-api-reads.fantasy.espn.com/apis/v3/games/ffl/seasons/2026/segments/0/leaguedefaults/3?scoringPeriodId=0&view=kona_player_info,2026,3
Adam Randall,BAL,RB,25.085,1.476,4685526,QUESTIONABLE,ESPN 2026 PPR season projection,https://lm-api-reads.fantasy.espn.com/apis/v3/games/ffl/seasons/2026/segments/0/leaguedefaults/3?scoringPeriodId=0&view=kona_player_info,2026,3
Hunter Luepke,DAL,RB,25.040,1.473,4383396,ACTIVE,ESPN 2026 PPR season projection,https://lm-api-reads.fantasy.espn.com/apis/v3/games/ffl/seasons/2026/segments/0/leaguedefaults/3?scoringPeriodId=0&view=kona_player_info,2026,3
Odell Beckham Jr.,NYG,WR,24.106,1.418,16733,ACTIVE,ESPN 2026 PPR season projection,https://lm-api-reads.fantasy.espn.com/apis/v3/games/ffl/seasons/2026/segments/0/leaguedefaults/3?scoringPeriodId=0&view=kona_player_info,2026,3
Elic Ayomanor,TEN,WR,23.935,1.408,4883647,ACTIVE,ESPN 2026 PPR season projection,https://lm-api-reads.fantasy.espn.com/apis/v3/games/ffl/seasons/2026/segments/0/leaguedefaults/3?scoringPeriodId=0&view=kona_player_info,2026,3
Durham Smythe,BAL,TE,23.587,1.387,3052897,ACTIVE,ESPN 2026 PPR season projection,https://lm-api-reads.fantasy.espn.com/apis/v3/games/ffl/seasons/2026/segments/0/leaguedefaults/3?scoringPeriodId=0&view=kona_player_info,2026,3
Kyle Williams,NE,WR,22.581,1.328,4613202,ACTIVE,ESPN 2026 PPR season projection,https://lm-api-reads.fantasy.espn.com/apis/v3/games/ffl/seasons/2026/segments/0/leaguedefaults/3?scoringPeriodId=0&view=kona_player_info,2026,3
Tez Johnson,TB,WR,21.565,1.269,4608810,QUESTIONABLE,ESPN 2026 PPR season projection,https://lm-api-reads.fantasy.espn.com/apis/v3/games/ffl/seasons/2026/segments/0/leaguedefaults/3?scoringPeriodId=0&view=kona_player_info,2026,3
Jimmy Horn Jr.,CAR,WR,21.230,1.249,4708486,ACTIVE,ESPN 2026 PPR season projection,https://lm-api-reads.fantasy.espn.com/apis/v3/games/ffl/seasons/2026/segments/0/leaguedefaults/3?scoringPeriodId=0&view=kona_player_info,2026,3
Nicholas Singleton,TEN,RB,19.816,1.166,4685555,ACTIVE,ESPN 2026 PPR season projection,https://lm-api-reads.fantasy.espn.com/apis/v3/games/ffl/seasons/2026/segments/0/leaguedefaults/3?scoringPeriodId=0&view=kona_player_info,2026,3
Davis Allen,LAR,TE,19.525,1.149,4426553,QUESTIONABLE,ESPN 2026 PPR season projection,https://lm-api-reads.fantasy.espn.com/apis/v3/games/ffl/seasons/2026/segments/0/leaguedefaults/3?scoringPeriodId=0&view=kona_player_info,2026,3
Foster Moreau,HOU,TE,19.059,1.121,3843945,ACTIVE,ESPN 2026 PPR season projection,https://lm-api-reads.fantasy.espn.com/apis/v3/games/ffl/seasons/2026/segments/0/leaguedefaults/3?scoringPeriodId=0&view=kona_player_info,2026,3
Nate Adkins,DEN,TE,18.721,1.101,4383440,ACTIVE,ESPN 2026 PPR season projection,https://lm-api-reads.fantasy.espn.com/apis/v3/games/ffl/seasons/2026/segments/0/leaguedefaults/3?scoringPeriodId=0&view=kona_player_info,2026,3
Brock Wright,DET,TE,18.582,1.093,4242392,ACTIVE,ESPN 2026 PPR season projection,https://lm-api-reads.fantasy.espn.com/apis/v3/games/ffl/seasons/2026/segments/0/leaguedefaults/3?scoringPeriodId=0&view=kona_player_info,2026,3
Nate Boerkircher,JAX,TE,18.471,1.087,4686248,ACTIVE,ESPN 2026 PPR season projection,https://lm-api-reads.fantasy.espn.com/apis/v3/games/ffl/seasons/2026/segments/0/leaguedefaults/3?scoringPeriodId=0&view=kona_player_info,2026,3
Luke McCaffrey,WAS,WR,18.470,1.086,4426948,ACTIVE,ESPN 2026 PPR season projection,https://lm-api-reads.fantasy.espn.com/apis/v3/games/ffl/seasons/2026/segments/0/leaguedefaults/3?scoringPeriodId=0&view=kona_player_info,2026,3
Tahj Brooks,CIN,RB,18.399,1.082,4429299,ACTIVE,ESPN 2026 PPR season projection,https://lm-api-reads.fantasy.espn.com/apis/v3/games/ffl/seasons/2026/segments/0/leaguedefaults/3?scoringPeriodId=0&view=kona_player_info,2026,3
Jalen Royals,KC,WR,18.361,1.080,5082630,ACTIVE,ESPN 2026 PPR season projection,https://lm-api-reads.fantasy.espn.com/apis/v3/games/ffl/seasons/2026/segments/0/leaguedefaults/3?scoringPeriodId=0&view=kona_player_info,2026,3
KeAndre Lambert-Smith,LAC,WR,18.143,1.067,4430870,ACTIVE,ESPN 2026 PPR season projection,https://lm-api-reads.fantasy.espn.com/apis/v3/games/ffl/seasons/2026/segments/0/leaguedefaults/3?scoringPeriodId=0&view=kona_player_info,2026,3
Payne Durham,TB,TE,18.080,1.064,4372505,ACTIVE,ESPN 2026 PPR season projection,https://lm-api-reads.fantasy.espn.com/apis/v3/games/ffl/seasons/2026/segments/0/leaguedefaults/3?scoringPeriodId=0&view=kona_player_info,2026,3
Oscar Delp,NO,TE,18.033,1.061,4702559,QUESTIONABLE,ESPN 2026 PPR season projection,https://lm-api-reads.fantasy.espn.com/apis/v3/games/ffl/seasons/2026/segments/0/leaguedefaults/3?scoringPeriodId=0&view=kona_player_info,2026,3
Mason Tipton,NO,WR,17.415,1.024,4573697,OUT,ESPN 2026 PPR season projection,https://lm-api-reads.fantasy.espn.com/apis/v3/games/ffl/seasons/2026/segments/0/leaguedefaults/3?scoringPeriodId=0&view=kona_player_info,2026,3
Nick Westbrook-Ikhine,IND,WR,17.271,1.016,3929785,ACTIVE,ESPN 2026 PPR season projection,https://lm-api-reads.fantasy.espn.com/apis/v3/games/ffl/seasons/2026/segments/0/leaguedefaults/3?scoringPeriodId=0&view=kona_player_info,2026,3
Demond Claiborne,MIN,RB,16.767,0.986,4832846,ACTIVE,ESPN 2026 PPR season projection,https://lm-api-reads.fantasy.espn.com/apis/v3/games/ffl/seasons/2026/segments/0/leaguedefaults/3?scoringPeriodId=0&view=kona_player_info,2026,3
Trevor Etienne,CAR,RB,16.732,0.984,4685350,ACTIVE,ESPN 2026 PPR season projection,https://lm-api-reads.fantasy.espn.com/apis/v3/games/ffl/seasons/2026/segments/0/leaguedefaults/3?scoringPeriodId=0&view=kona_player_info,2026,3
Alec Ingold,LAC,RB,16.378,0.963,3917668,ACTIVE,ESPN 2026 PPR season projection,https://lm-api-reads.fantasy.espn.com/apis/v3/games/ffl/seasons/2026/segments/0/leaguedefaults/3?scoringPeriodId=0&view=kona_player_info,2026,3
Joe Royer,CLE,TE,16.282,0.958,4565859,QUESTIONABLE,ESPN 2026 PPR season projection,https://lm-api-reads.fantasy.espn.com/apis/v3/games/ffl/seasons/2026/segments/0/leaguedefaults/3?scoringPeriodId=0&view=kona_player_info,2026,3
Luke Musgrave,GB,TE,16.211,0.954,4428085,OUT,ESPN 2026 PPR season projection,https://lm-api-reads.fantasy.espn.com/apis/v3/games/ffl/seasons/2026/segments/0/leaguedefaults/3?scoringPeriodId=0&view=kona_player_info,2026,3
Dont'e Thornton Jr.,LV,WR,16.060,0.945,4432775,QUESTIONABLE,ESPN 2026 PPR season projection,https://lm-api-reads.fantasy.espn.com/apis/v3/games/ffl/seasons/2026/segments/0/leaguedefaults/3?scoringPeriodId=0&view=kona_player_info,2026,3
Calvin Austin III,NYG,WR,16.034,0.943,4243389,QUESTIONABLE,ESPN 2026 PPR season projection,https://lm-api-reads.fantasy.espn.com/apis/v3/games/ffl/seasons/2026/segments/0/leaguedefaults/3?scoringPeriodId=0&view=kona_player_info,2026,3
Greg Dortch,DET,WR,16.012,0.942,4037235,ACTIVE,ESPN 2026 PPR season projection,https://lm-api-reads.fantasy.espn.com/apis/v3/games/ffl/seasons/2026/segments/0/leaguedefaults/3?scoringPeriodId=0&view=kona_player_info,2026,3
Kendre Miller,NO,RB,15.862,0.933,4599739,ACTIVE,ESPN 2026 PPR season projection,https://lm-api-reads.fantasy.espn.com/apis/v3/games/ffl/seasons/2026/segments/0/leaguedefaults/3?scoringPeriodId=0&view=kona_player_info,2026,3
Kaytron Allen,WAS,RB,15.748,0.926,4685246,ACTIVE,ESPN 2026 PPR season projection,https://lm-api-reads.fantasy.espn.com/apis/v3/games/ffl/seasons/2026/segments/0/leaguedefaults/3?scoringPeriodId=0&view=kona_player_info,2026,3
Seth McGowan,IND,RB,15.699,0.923,4686468,ACTIVE,ESPN 2026 PPR season projection,https://lm-api-reads.fantasy.espn.com/apis/v3/games/ffl/seasons/2026/segments/0/leaguedefaults/3?scoringPeriodId=0&view=kona_player_info,2026,3
Ben Sims,MIA,TE,15.422,0.907,4373030,QUESTIONABLE,ESPN 2026 PPR season projection,https://lm-api-reads.fantasy.espn.com/apis/v3/games/ffl/seasons/2026/segments/0/leaguedefaults/3?scoringPeriodId=0&view=kona_player_info,2026,3
Barion Brown,NO,WR,13.200,0.776,4698597,ACTIVE,ESPN 2026 PPR season projection,https://lm-api-reads.fantasy.espn.com/apis/v3/games/ffl/seasons/2026/segments/0/leaguedefaults/3?scoringPeriodId=0&view=kona_player_info,2026,3
Bo Melton,GB,WR,11.706,0.689,4259305,ACTIVE,ESPN 2026 PPR season projection,https://lm-api-reads.fantasy.espn.com/apis/v3/games/ffl/seasons/2026/segments/0/leaguedefaults/3?scoringPeriodId=0&view=kona_player_info,2026,3
Derius Davis,LAC,WR,11.687,0.687,4362477,ACTIVE,ESPN 2026 PPR season projection,https://lm-api-reads.fantasy.espn.com/apis/v3/games/ffl/seasons/2026/segments/0/leaguedefaults/3?scoringPeriodId=0&view=kona_player_info,2026,3
Xavier Smith,LAR,WR,11.571,0.681,4386544,ACTIVE,ESPN 2026 PPR season projection,https://lm-api-reads.fantasy.espn.com/apis/v3/games/ffl/seasons/2026/segments/0/leaguedefaults/3?scoringPeriodId=0&view=kona_player_info,2026,3
Tyrell Shavers,BUF,WR,10.968,0.997,4241476,OUT,ESPN 2026 PPR season projection,https://lm-api-reads.fantasy.espn.com/apis/v3/games/ffl/seasons/2026/segments/0/leaguedefaults/3?scoringPeriodId=0&view=kona_player_info,2026,3
Justin Fields,KC,QB,10.656,0.627,4362887,ACTIVE,ESPN 2026 PPR season projection,https://lm-api-reads.fantasy.espn.com/apis/v3/games/ffl/seasons/2026/segments/0/leaguedefaults/3?scoringPeriodId=0&view=kona_player_info,2026,3
Joe Flacco,CIN,QB,10.538,0.620,11252,ACTIVE,ESPN 2026 PPR season projection,https://lm-api-reads.fantasy.espn.com/apis/v3/games/ffl/seasons/2026/segments/0/leaguedefaults/3?scoringPeriodId=0&view=kona_player_info,2026,3
Adam Prentice,DEN,RB,10.508,0.618,3929914,ACTIVE,ESPN 2026 PPR season projection,https://lm-api-reads.fantasy.espn.com/apis/v3/games/ffl/seasons/2026/segments/0/leaguedefaults/3?scoringPeriodId=0&view=kona_player_info,2026,3
Jarrett Stidham,DEN,QB,10.440,0.614,3892775,ACTIVE,ESPN 2026 PPR season projection,https://lm-api-reads.fantasy.espn.com/apis/v3/games/ffl/seasons/2026/segments/0/leaguedefaults/3?scoringPeriodId=0&view=kona_player_info,2026,3
Nick Mullens,JAX,QB,10.338,0.608,3059989,ACTIVE,ESPN 2026 PPR season projection,https://lm-api-reads.fantasy.espn.com/apis/v3/games/ffl/seasons/2026/segments/0/leaguedefaults/3?scoringPeriodId=0&view=kona_player_info,2026,3
Tommy DeVito,NE,QB,10.307,0.606,4240391,ACTIVE,ESPN 2026 PPR season projection,https://lm-api-reads.fantasy.espn.com/apis/v3/games/ffl/seasons/2026/segments/0/leaguedefaults/3?scoringPeriodId=0&view=kona_player_info,2026,3
Connor Heyward,LV,RB,10.264,0.604,4241961,ACTIVE,ESPN 2026 PPR season projection,https://lm-api-reads.fantasy.espn.com/apis/v3/games/ffl/seasons/2026/segments/0/leaguedefaults/3?scoringPeriodId=0&view=kona_player_info,2026,3
Jake Browning,TB,QB,10.262,0.604,3886812,ACTIVE,ESPN 2026 PPR season projection,https://lm-api-reads.fantasy.espn.com/apis/v3/games/ffl/seasons/2026/segments/0/leaguedefaults/3?scoringPeriodId=0&view=kona_player_info,2026,3
Marcus Mariota,WAS,QB,10.214,0.601,2576980,QUESTIONABLE,ESPN 2026 PPR season projection,https://lm-api-reads.fantasy.espn.com/apis/v3/games/ffl/seasons/2026/segments/0/leaguedefaults/3?scoringPeriodId=0&view=kona_player_info,2026,3
Tyson Bagent,CHI,QB,10.092,0.594,4434153,QUESTIONABLE,ESPN 2026 PPR season projection,https://lm-api-reads.fantasy.espn.com/apis/v3/games/ffl/seasons/2026/segments/0/leaguedefaults/3?scoringPeriodId=0&view=kona_player_info,2026,3
Michael Burton,CLE,RB,10.059,0.592,2515270,ACTIVE,ESPN 2026 PPR season projection,https://lm-api-reads.fantasy.espn.com/apis/v3/games/ffl/seasons/2026/segments/0/leaguedefaults/3?scoringPeriodId=0&view=kona_player_info,2026,3
Ty Simpson,LAR,QB,10.045,0.591,4685522,ACTIVE,ESPN 2026 PPR season projection,https://lm-api-reads.fantasy.espn.com/apis/v3/games/ffl/seasons/2026/segments/0/leaguedefaults/3?scoringPeriodId=0&view=kona_player_info,2026,3
Luke Farrell,SF,TE,9.960,0.586,4040612,ACTIVE,ESPN 2026 PPR season projection,https://lm-api-reads.fantasy.espn.com/apis/v3/games/ffl/seasons/2026/segments/0/leaguedefaults/3?scoringPeriodId=0&view=kona_player_info,2026,3
Max Klare,LAR,TE,9.947,0.585,4833029,ACTIVE,ESPN 2026 PPR season projection,https://lm-api-reads.fantasy.espn.com/apis/v3/games/ffl/seasons/2026/segments/0/leaguedefaults/3?scoringPeriodId=0&view=kona_player_info,2026,3
Emanuel Wilson,SEA,RB,9.915,1.652,4887558,QUESTIONABLE,ESPN 2026 PPR season projection,https://lm-api-reads.fantasy.espn.com/apis/v3/games/ffl/seasons/2026/segments/0/leaguedefaults/3?scoringPeriodId=0&view=kona_player_info,2026,3
Mitchell Tinsley,CIN,WR,9.774,0.575,4690070,ACTIVE,ESPN 2026 PPR season projection,https://lm-api-reads.fantasy.espn.com/apis/v3/games/ffl/seasons/2026/segments/0/leaguedefaults/3?scoringPeriodId=0&view=kona_player_info,2026,3
Max Bredeson,MIN,RB,9.616,0.566,4878695,ACTIVE,ESPN 2026 PPR season projection,https://lm-api-reads.fantasy.espn.com/apis/v3/games/ffl/seasons/2026/segments/0/leaguedefaults/3?scoringPeriodId=0&view=kona_player_info,2026,3
CJ Daniels,LAR,WR,9.602,0.565,4605951,ACTIVE,ESPN 2026 PPR season projection,https://lm-api-reads.fantasy.espn.com/apis/v3/games/ffl/seasons/2026/segments/0/leaguedefaults/3?scoringPeriodId=0&view=kona_player_info,2026,3
Justin Joly,DEN,TE,9.586,0.564,4912052,ACTIVE,ESPN 2026 PPR season projection,https://lm-api-reads.fantasy.espn.com/apis/v3/games/ffl/seasons/2026/segments/0/leaguedefaults/3?scoringPeriodId=0&view=kona_player_info,2026,3
Sam Howell,DAL,QB,9.547,0.562,4426875,ACTIVE,ESPN 2026 PPR season projection,https://lm-api-reads.fantasy.espn.com/apis/v3/games/ffl/seasons/2026/segments/0/leaguedefaults/3?scoringPeriodId=0&view=kona_player_info,2026,3
Malachi Corley,CLE,WR,9.513,0.560,4613104,ACTIVE,ESPN 2026 PPR season projection,https://lm-api-reads.fantasy.espn.com/apis/v3/games/ffl/seasons/2026/segments/0/leaguedefaults/3?scoringPeriodId=0&view=kona_player_info,2026,3
Demarcus Robinson,SF,WR,9.503,0.559,3043116,ACTIVE,ESPN 2026 PPR season projection,https://lm-api-reads.fantasy.espn.com/apis/v3/games/ffl/seasons/2026/segments/0/leaguedefaults/3?scoringPeriodId=0&view=kona_player_info,2026,3
Tanner McKee,PHI,QB,9.483,0.558,4685201,ACTIVE,ESPN 2026 PPR season projection,https://lm-api-reads.fantasy.espn.com/apis/v3/games/ffl/seasons/2026/segments/0/leaguedefaults/3?scoringPeriodId=0&view=kona_player_info,2026,3
Drew Allar,PIT,QB,9.473,0.557,4714771,ACTIVE,ESPN 2026 PPR season projection,https://lm-api-reads.fantasy.espn.com/apis/v3/games/ffl/seasons/2026/segments/0/leaguedefaults/3?scoringPeriodId=0&view=kona_player_info,2026,3
Brevyn Spann-Ford,DAL,TE,9.470,0.557,4360967,ACTIVE,ESPN 2026 PPR season projection,https://lm-api-reads.fantasy.espn.com/apis/v3/games/ffl/seasons/2026/segments/0/leaguedefaults/3?scoringPeriodId=0&view=kona_player_info,2026,3
Trey Lance,LAC,QB,9.429,0.555,4383351,ACTIVE,ESPN 2026 PPR season projection,https://lm-api-reads.fantasy.espn.com/apis/v3/games/ffl/seasons/2026/segments/0/leaguedefaults/3?scoringPeriodId=0&view=kona_player_info,2026,3
Riley Leonard,IND,QB,9.407,0.553,4683423,ACTIVE,ESPN 2026 PPR season projection,https://lm-api-reads.fantasy.espn.com/apis/v3/games/ffl/seasons/2026/segments/0/leaguedefaults/3?scoringPeriodId=0&view=kona_player_info,2026,3
Tyrod Taylor,GB,QB,9.243,0.544,14163,ACTIVE,ESPN 2026 PPR season projection,https://lm-api-reads.fantasy.espn.com/apis/v3/games/ffl/seasons/2026/segments/0/leaguedefaults/3?scoringPeriodId=0&view=kona_player_info,2026,3
CJ Dippre,NE,TE,9.230,0.543,4596545,ACTIVE,ESPN 2026 PPR season projection,https://lm-api-reads.fantasy.espn.com/apis/v3/games/ffl/seasons/2026/segments/0/leaguedefaults/3?scoringPeriodId=0&view=kona_player_info,2026,3
Tanner Koziol,JAX,TE,9.224,0.543,4917427,ACTIVE,ESPN 2026 PPR season projection,https://lm-api-reads.fantasy.espn.com/apis/v3/games/ffl/seasons/2026/segments/0/leaguedefaults/3?scoringPeriodId=0&view=kona_player_info,2026,3
Ko Kieft,TB,TE,9.100,0.535,4034779,ACTIVE,ESPN 2026 PPR season projection,https://lm-api-reads.fantasy.espn.com/apis/v3/games/ffl/seasons/2026/segments/0/leaguedefaults/3?scoringPeriodId=0&view=kona_player_info,2026,3
Kenny Pickett,CAR,QB,9.054,0.533,4240703,ACTIVE,ESPN 2026 PPR season projection,https://lm-api-reads.fantasy.espn.com/apis/v3/games/ffl/seasons/2026/segments/0/leaguedefaults/3?scoringPeriodId=0&view=kona_player_info,2026,3
Tai Felton,MIN,WR,9.012,0.530,4565185,ACTIVE,ESPN 2026 PPR season projection,https://lm-api-reads.fantasy.espn.com/apis/v3/games/ffl/seasons/2026/segments/0/leaguedefaults/3?scoringPeriodId=0&view=kona_player_info,2026,3
Spencer Rattler,NO,QB,8.964,0.527,4426339,ACTIVE,ESPN 2026 PPR season projection,https://lm-api-reads.fantasy.espn.com/apis/v3/games/ffl/seasons/2026/segments/0/leaguedefaults/3?scoringPeriodId=0&view=kona_player_info,2026,3
Tyler Conklin,DET,TE,8.945,0.526,3915486,ACTIVE,ESPN 2026 PPR season projection,https://lm-api-reads.fantasy.espn.com/apis/v3/games/ffl/seasons/2026/segments/0/leaguedefaults/3?scoringPeriodId=0&view=kona_player_info,2026,3
Marlin Klein,HOU,TE,8.903,0.524,4695705,ACTIVE,ESPN 2026 PPR season projection,https://lm-api-reads.fantasy.espn.com/apis/v3/games/ffl/seasons/2026/segments/0/leaguedefaults/3?scoringPeriodId=0&view=kona_player_info,2026,3
Drew Ogletree,IND,TE,8.828,0.519,4722908,ACTIVE,ESPN 2026 PPR season projection,https://lm-api-reads.fantasy.espn.com/apis/v3/games/ffl/seasons/2026/segments/0/leaguedefaults/3?scoringPeriodId=0&view=kona_player_info,2026,3
Josh Whyle,GB,TE,8.785,0.517,4360086,ACTIVE,ESPN 2026 PPR season projection,https://lm-api-reads.fantasy.espn.com/apis/v3/games/ffl/seasons/2026/segments/0/leaguedefaults/3?scoringPeriodId=0&view=kona_player_info,2026,3
Sam Roush,CHI,TE,8.698,0.512,4685504,ACTIVE,ESPN 2026 PPR season projection,https://lm-api-reads.fantasy.espn.com/apis/v3/games/ffl/seasons/2026/segments/0/leaguedefaults/3?scoringPeriodId=0&view=kona_player_info,2026,3
Jahdae Walker,CHI,WR,8.663,0.510,5160110,ACTIVE,ESPN 2026 PPR season projection,https://lm-api-reads.fantasy.espn.com/apis/v3/games/ffl/seasons/2026/segments/0/leaguedefaults/3?scoringPeriodId=0&view=kona_player_info,2026,3
Tyler Huntley,BAL,QB,8.656,0.509,4035671,ACTIVE,ESPN 2026 PPR season projection,https://lm-api-reads.fantasy.espn.com/apis/v3/games/ffl/seasons/2026/segments/0/leaguedefaults/3?scoringPeriodId=0&view=kona_player_info,2026,3
Joshua Dobbs,DET,QB,8.651,0.509,3044720,ACTIVE,ESPN 2026 PPR season projection,https://lm-api-reads.fantasy.espn.com/apis/v3/games/ffl/seasons/2026/segments/0/leaguedefaults/3?scoringPeriodId=0&view=kona_player_info,2026,3
Josh Cuevas,BAL,TE,8.638,0.508,4876132,ACTIVE,ESPN 2026 PPR season projection,https://lm-api-reads.fantasy.espn.com/apis/v3/games/ffl/seasons/2026/segments/0/leaguedefaults/3?scoringPeriodId=0&view=kona_player_info,2026,3
Matthew Hibner,BAL,TE,8.638,0.508,4432260,ACTIVE,ESPN 2026 PPR season projection,https://lm-api-reads.fantasy.espn.com/apis/v3/games/ffl/seasons/2026/segments/0/leaguedefaults/3?scoringPeriodId=0&view=kona_player_info,2026,3
Jameis Winston,NYG,QB,8.631,0.508,2969939,ACTIVE,ESPN 2026 PPR season projection,https://lm-api-reads.fantasy.espn.com/apis/v3/games/ffl/seasons/2026/segments/0/leaguedefaults/3?scoringPeriodId=0&view=kona_player_info,2026,3
Eric Saubert,SEA,TE,8.624,0.507,2975863,ACTIVE,ESPN 2026 PPR season projection,https://lm-api-reads.fantasy.espn.com/apis/v3/games/ffl/seasons/2026/segments/0/leaguedefaults/3?scoringPeriodId=0&view=kona_player_info,2026,3
Mac Jones,SF,QB,8.622,0.507,4241464,ACTIVE,ESPN 2026 PPR season projection,https://lm-api-reads.fantasy.espn.com/apis/v3/games/ffl/seasons/2026/segments/0/leaguedefaults/3?scoringPeriodId=0&view=kona_player_info,2026,3
Darius Cooper,PHI,WR,8.506,0.500,4715355,ACTIVE,ESPN 2026 PPR season projection,https://lm-api-reads.fantasy.espn.com/apis/v3/games/ffl/seasons/2026/segments/0/leaguedefaults/3?scoringPeriodId=0&view=kona_player_info,2026,3
Andrew Beck,NYJ,RB,8.424,0.496,3125107,ACTIVE,ESPN 2026 PPR season projection,https://lm-api-reads.fantasy.espn.com/apis/v3/games/ffl/seasons/2026/segments/0/leaguedefaults/3?scoringPeriodId=0&view=kona_player_info,2026,3
Tip Reiman,ARI,TE,8.412,0.495,4696700,OUT,ESPN 2026 PPR season projection,https://lm-api-reads.fantasy.espn.com/apis/v3/games/ffl/seasons/2026/segments/0/leaguedefaults/3?scoringPeriodId=0&view=kona_player_info,2026,3
Davis Mills,HOU,QB,8.392,0.494,4242546,ACTIVE,ESPN 2026 PPR season projection,https://lm-api-reads.fantasy.espn.com/apis/v3/games/ffl/seasons/2026/segments/0/leaguedefaults/3?scoringPeriodId=0&view=kona_player_info,2026,3
Jonathan Mingo,DAL,WR,8.371,0.492,4426485,ACTIVE,ESPN 2026 PPR season projection,https://lm-api-reads.fantasy.espn.com/apis/v3/games/ffl/seasons/2026/segments/0/leaguedefaults/3?scoringPeriodId=0&view=kona_player_info,2026,3
Lewis Bond,HOU,WR,8.321,0.489,4683159,ACTIVE,ESPN 2026 PPR season projection,https://lm-api-reads.fantasy.espn.com/apis/v3/games/ffl/seasons/2026/segments/0/leaguedefaults/3?scoringPeriodId=0&view=kona_player_info,2026,3
Ian Thomas,LV,TE,8.286,0.487,4045305,ACTIVE,ESPN 2026 PPR season projection,https://lm-api-reads.fantasy.espn.com/apis/v3/games/ffl/seasons/2026/segments/0/leaguedefaults/3?scoringPeriodId=0&view=kona_player_info,2026,3
Charlie Woerner,ATL,TE,8.239,0.485,4035020,ACTIVE,ESPN 2026 PPR season projection,https://lm-api-reads.fantasy.espn.com/apis/v3/games/ffl/seasons/2026/segments/0/leaguedefaults/3?scoringPeriodId=0&view=kona_player_info,2026,3
Johnny Mundt,PHI,TE,8.228,0.484,3052096,ACTIVE,ESPN 2026 PPR season projection,https://lm-api-reads.fantasy.espn.com/apis/v3/games/ffl/seasons/2026/segments/0/leaguedefaults/3?scoringPeriodId=0&view=kona_player_info,2026,3
Cade Klubnik,NYJ,QB,8.205,0.483,4685413,ACTIVE,ESPN 2026 PPR season projection,https://lm-api-reads.fantasy.espn.com/apis/v3/games/ffl/seasons/2026/segments/0/leaguedefaults/3?scoringPeriodId=0&view=kona_player_info,2026,3
Riley Nowakowski,PIT,RB,8.112,0.477,4693370,ACTIVE,ESPN 2026 PPR season projection,https://lm-api-reads.fantasy.espn.com/apis/v3/games/ffl/seasons/2026/segments/0/leaguedefaults/3?scoringPeriodId=0&view=kona_player_info,2026,3
Reggie Virgil,ARI,WR,8.092,0.476,4869132,ACTIVE,ESPN 2026 PPR season projection,https://lm-api-reads.fantasy.espn.com/apis/v3/games/ffl/seasons/2026/segments/0/leaguedefaults/3?scoringPeriodId=0&view=kona_player_info,2026,3
Kyle Allen,BUF,QB,8.059,0.474,3115293,ACTIVE,ESPN 2026 PPR season projection,https://lm-api-reads.fantasy.espn.com/apis/v3/games/ffl/seasons/2026/segments/0/leaguedefaults/3?scoringPeriodId=0&view=kona_player_info,2026,3
Brycen Tremayne,CAR,WR,7.991,0.470,4360763,ACTIVE,ESPN 2026 PPR season projection,https://lm-api-reads.fantasy.espn.com/apis/v3/games/ffl/seasons/2026/segments/0/leaguedefaults/3?scoringPeriodId=0&view=kona_player_info,2026,3
Drew Lock,SEA,QB,7.984,0.470,3924327,ACTIVE,ESPN 2026 PPR season projection,https://lm-api-reads.fantasy.espn.com/apis/v3/games/ffl/seasons/2026/segments/0/leaguedefaults/3?scoringPeriodId=0&view=kona_player_info,2026,3
Reggie Gilliam,NE,RB,7.954,0.468,4039505,ACTIVE,ESPN 2026 PPR season projection,https://lm-api-reads.fantasy.espn.com/apis/v3/games/ffl/seasons/2026/segments/0/leaguedefaults/3?scoringPeriodId=0&view=kona_player_info,2026,3
Mitchell Trubisky,TEN,QB,7.770,0.457,3039707,QUESTIONABLE,ESPN 2026 PPR season projection,https://lm-api-reads.fantasy.espn.com/apis/v3/games/ffl/seasons/2026/segments/0/leaguedefaults/3?scoringPeriodId=0&view=kona_player_info,2026,3
Jack Stoll,CLE,TE,7.564,0.445,4034862,INJURY_RESERVE,ESPN 2026 PPR season projection,https://lm-api-reads.fantasy.espn.com/apis/v3/games/ffl/seasons/2026/segments/0/leaguedefaults/3?scoringPeriodId=0&view=kona_player_info,2026,3
Patrick Ricard,NYG,RB,7.391,0.435,2975417,ACTIVE,ESPN 2026 PPR season projection,https://lm-api-reads.fantasy.espn.com/apis/v3/games/ffl/seasons/2026/segments/0/leaguedefaults/3?scoringPeriodId=0&view=kona_player_info,2026,3
Cedric Tillman,CLE,WR,7.338,0.432,4369863,QUESTIONABLE,ESPN 2026 PPR season projection,https://lm-api-reads.fantasy.espn.com/apis/v3/games/ffl/seasons/2026/segments/0/leaguedefaults/3?scoringPeriodId=0&view=kona_player_info,2026,3
Quinn Ewers,MIA,QB,7.303,0.430,4889929,ACTIVE,ESPN 2026 PPR season projection,https://lm-api-reads.fantasy.espn.com/apis/v3/games/ffl/seasons/2026/segments/0/leaguedefaults/3?scoringPeriodId=0&view=kona_player_info,2026,3
Gardner Minshew II,ARI,QB,7.147,0.476,4038524,ACTIVE,ESPN 2026 PPR season projection,https://lm-api-reads.fantasy.espn.com/apis/v3/games/ffl/seasons/2026/segments/0/leaguedefaults/3?scoringPeriodId=0&view=kona_player_info,2026,3
Jawhar Jordan,HOU,RB,6.900,0.406,4429939,QUESTIONABLE,ESPN 2026 PPR season projection,https://lm-api-reads.fantasy.espn.com/apis/v3/games/ffl/seasons/2026/segments/0/leaguedefaults/3?scoringPeriodId=0&view=kona_player_info,2026,3
Kaleb Johnson,PIT,RB,4.849,0.285,4819231,ACTIVE,ESPN 2026 PPR season projection,https://lm-api-reads.fantasy.espn.com/apis/v3/games/ffl/seasons/2026/segments/0/leaguedefaults/3?scoringPeriodId=0&view=kona_player_info,2026,3
Chris Manhertz,NYG,TE,4.147,0.244,2531358,ACTIVE,ESPN 2026 PPR season projection,https://lm-api-reads.fantasy.espn.com/apis/v3/games/ffl/seasons/2026/segments/0/leaguedefaults/3?scoringPeriodId=0&view=kona_player_info,2026,3
Kaden Wetjen,PIT,WR,4.083,0.240,5081338,ACTIVE,ESPN 2026 PPR season projection,https://lm-api-reads.fantasy.espn.com/apis/v3/games/ffl/seasons/2026/segments/0/leaguedefaults/3?scoringPeriodId=0&view=kona_player_info,2026,3
Ben Skowronek,PIT,WR,3.886,0.229,4035656,ACTIVE,ESPN 2026 PPR season projection,https://lm-api-reads.fantasy.espn.com/apis/v3/games/ffl/seasons/2026/segments/0/leaguedefaults/3?scoringPeriodId=0&view=kona_player_info,2026,3
Kameron Johnson,TB,WR,3.601,0.212,5097554,ACTIVE,ESPN 2026 PPR season projection,https://lm-api-reads.fantasy.espn.com/apis/v3/games/ffl/seasons/2026/segments/0/leaguedefaults/3?scoringPeriodId=0&view=kona_player_info,2026,3
Arian Smith,NYJ,WR,3.512,0.207,4429105,ACTIVE,ESPN 2026 PPR season projection,https://lm-api-reads.fantasy.espn.com/apis/v3/games/ffl/seasons/2026/segments/0/leaguedefaults/3?scoringPeriodId=0&view=kona_player_info,2026,3
Jalen Reagor,MIA,WR,3.430,0.858,4241802,ACTIVE,ESPN 2026 PPR season projection,https://lm-api-reads.fantasy.espn.com/apis/v3/games/ffl/seasons/2026/segments/0/leaguedefaults/3?scoringPeriodId=0&view=kona_player_info,2026,3
Braxton Berrios,NYG,WR,2.489,0.146,3123075,QUESTIONABLE,ESPN 2026 PPR season projection,https://lm-api-reads.fantasy.espn.com/apis/v3/games/ffl/seasons/2026/segments/0/leaguedefaults/3?scoringPeriodId=0&view=kona_player_info,2026,3
Charlie Jones,CIN,WR,2.466,0.145,4257188,ACTIVE,ESPN 2026 PPR season projection,https://lm-api-reads.fantasy.espn.com/apis/v3/games/ffl/seasons/2026/segments/0/leaguedefaults/3?scoringPeriodId=0&view=kona_player_info,2026,3
British Brooks,HOU,RB,2.377,0.140,4373273,QUESTIONABLE,ESPN 2026 PPR season projection,https://lm-api-reads.fantasy.espn.com/apis/v3/games/ffl/seasons/2026/segments/0/leaguedefaults/3?scoringPeriodId=0&view=kona_player_info,2026,3
Kene Nwangwu,NYJ,RB,2.286,0.134,4035537,ACTIVE,ESPN 2026 PPR season projection,https://lm-api-reads.fantasy.espn.com/apis/v3/games/ffl/seasons/2026/segments/0/leaguedefaults/3?scoringPeriodId=0&view=kona_player_info,2026,3
Myles Price,MIN,WR,1.950,0.115,4430656,ACTIVE,ESPN 2026 PPR season projection,https://lm-api-reads.fantasy.espn.com/apis/v3/games/ffl/seasons/2026/segments/0/leaguedefaults/3?scoringPeriodId=0&view=kona_player_info,2026,3
LaJohntay Wester,BAL,WR,1.869,0.110,4690143,ACTIVE,ESPN 2026 PPR season projection,https://lm-api-reads.fantasy.espn.com/apis/v3/games/ffl/seasons/2026/segments/0/leaguedefaults/3?scoringPeriodId=0&view=kona_player_info,2026,3
Britain Covey,PHI,WR,1.660,0.098,3926231,QUESTIONABLE,ESPN 2026 PPR season projection,https://lm-api-reads.fantasy.espn.com/apis/v3/games/ffl/seasons/2026/segments/0/leaguedefaults/3?scoringPeriodId=0&view=kona_player_info,2026,3
Anthony Gould,IND,WR,1.429,0.084,4429684,QUESTIONABLE,ESPN 2026 PPR season projection,https://lm-api-reads.fantasy.espn.com/apis/v3/games/ffl/seasons/2026/segments/0/leaguedefaults/3?scoringPeriodId=0&view=kona_player_info,2026,3
Nikko Remigio,KC,WR,1.429,0.084,4372716,ACTIVE,ESPN 2026 PPR season projection,https://lm-api-reads.fantasy.espn.com/apis/v3/games/ffl/seasons/2026/segments/0/leaguedefaults/3?scoringPeriodId=0&view=kona_player_info,2026,3
Jacob Cowing,SF,WR,1.062,0.062,4575665,ACTIVE,ESPN 2026 PPR season projection,https://lm-api-reads.fantasy.espn.com/apis/v3/games/ffl/seasons/2026/segments/0/leaguedefaults/3?scoringPeriodId=0&view=kona_player_info,2026,3
Isaac Guerendo,SF,RB,1.045,0.061,4372561,OUT,ESPN 2026 PPR season projection,https://lm-api-reads.fantasy.espn.com/apis/v3/games/ffl/seasons/2026/segments/0/leaguedefaults/3?scoringPeriodId=0&view=kona_player_info,2026,3
Brashard Smith,KC,RB,0.987,0.058,4596602,ACTIVE,ESPN 2026 PPR season projection,https://lm-api-reads.fantasy.espn.com/apis/v3/games/ffl/seasons/2026/segments/0/leaguedefaults/3?scoringPeriodId=0&view=kona_player_info,2026,3
Ke'Shawn Williams,CIN,WR,0.987,0.058,4570738,ACTIVE,ESPN 2026 PPR season projection,https://lm-api-reads.fantasy.espn.com/apis/v3/games/ffl/seasons/2026/segments/0/leaguedefaults/3?scoringPeriodId=0&view=kona_player_info,2026,3
Bam Knight,ARI,RB,0.818,0.048,4427728,ACTIVE,ESPN 2026 PPR season projection,https://lm-api-reads.fantasy.espn.com/apis/v3/games/ffl/seasons/2026/segments/0/leaguedefaults/3?scoringPeriodId=0&view=kona_player_info,2026,3
Devin Duvernay,ARI,WR,0.803,0.047,4039050,ACTIVE,ESPN 2026 PPR season projection,https://lm-api-reads.fantasy.espn.com/apis/v3/games/ffl/seasons/2026/segments/0/leaguedefaults/3?scoringPeriodId=0&view=kona_player_info,2026,3
Gage Larvadain,CLE,WR,0.711,0.042,4877203,ACTIVE,ESPN 2026 PPR season projection,https://lm-api-reads.fantasy.espn.com/apis/v3/games/ffl/seasons/2026/segments/0/leaguedefaults/3?scoringPeriodId=0&view=kona_player_info,2026,3
Dylan Laube,LV,RB,0.666,0.039,4366963,ACTIVE,ESPN 2026 PPR season projection,https://lm-api-reads.fantasy.espn.com/apis/v3/games/ffl/seasons/2026/segments/0/leaguedefaults/3?scoringPeriodId=0&view=kona_player_info,2026,3
Efton Chism III,NE,WR,0.535,0.031,4695193,ACTIVE,ESPN 2026 PPR season projection,https://lm-api-reads.fantasy.espn.com/apis/v3/games/ffl/seasons/2026/segments/0/leaguedefaults/3?scoringPeriodId=0&view=kona_player_info,2026,3
Rasheen Ali,BAL,RB,0.495,0.029,4690013,ACTIVE,ESPN 2026 PPR season projection,https://lm-api-reads.fantasy.espn.com/apis/v3/games/ffl/seasons/2026/segments/0/leaguedefaults/3?scoringPeriodId=0&view=kona_player_info,2026,3
Skyy Moore,GB,WR,0.397,0.023,4430191,ACTIVE,ESPN 2026 PPR season projection,https://lm-api-reads.fantasy.espn.com/apis/v3/games/ffl/seasons/2026/segments/0/leaguedefaults/3?scoringPeriodId=0&view=kona_player_info,2026,3
Dareke Young,LV,WR,0.357,0.021,4401805,ACTIVE,ESPN 2026 PPR season projection,https://lm-api-reads.fantasy.espn.com/apis/v3/games/ffl/seasons/2026/segments/0/leaguedefaults/3?scoringPeriodId=0&view=kona_player_info,2026,3
Tyler Badie,DEN,RB,0.353,0.021,4362748,ACTIVE,ESPN 2026 PPR season projection,https://lm-api-reads.fantasy.espn.com/apis/v3/games/ffl/seasons/2026/segments/0/leaguedefaults/3?scoringPeriodId=0&view=kona_player_info,2026,3
Josh Cameron,JAX,WR,0.336,0.020,4879194,ACTIVE,ESPN 2026 PPR season projection,https://lm-api-reads.fantasy.espn.com/apis/v3/games/ffl/seasons/2026/segments/0/leaguedefaults/3?scoringPeriodId=0&view=kona_player_info,2026,3
Jacob Saylors,DET,RB,0.331,0.019,4383429,ACTIVE,ESPN 2026 PPR season projection,https://lm-api-reads.fantasy.espn.com/apis/v3/games/ffl/seasons/2026/segments/0/leaguedefaults/3?scoringPeriodId=0&view=kona_player_info,2026,3
Jalen Brooks,ARI,WR,0.287,0.017,4692835,ACTIVE,ESPN 2026 PPR season projection,https://lm-api-reads.fantasy.espn.com/apis/v3/games/ffl/seasons/2026/segments/0/leaguedefaults/3?scoringPeriodId=0&view=kona_player_info,2026,3
Michael Bandy,DEN,WR,0.180,0.011,4034704,ACTIVE,ESPN 2026 PPR season projection,https://lm-api-reads.fantasy.espn.com/apis/v3/games/ffl/seasons/2026/segments/0/leaguedefaults/3?scoringPeriodId=0&view=kona_player_info,2026,3
DeeJay Dallas,JAX,RB,0.179,0.011,4240631,ACTIVE,ESPN 2026 PPR season projection,https://lm-api-reads.fantasy.espn.com/apis/v3/games/ffl/seasons/2026/segments/0/leaguedefaults/3?scoringPeriodId=0&view=kona_player_info,2026,3
Josh Williams,TB,RB,0.109,0.006,4568024,ACTIVE,ESPN 2026 PPR season projection,https://lm-api-reads.fantasy.espn.com/apis/v3/games/ffl/seasons/2026/segments/0/leaguedefaults/3?scoringPeriodId=0&view=kona_player_info,2026,3
Jeshaun Jones,MIN,WR,0.081,0.005,4360637,ACTIVE,ESPN 2026 PPR season projection,https://lm-api-reads.fantasy.espn.com/apis/v3/games/ffl/seasons/2026/segments/0/leaguedefaults/3?scoringPeriodId=0&view=kona_player_info,2026,3
Mason Kinsey,TEN,WR,0.065,0.004,4057082,ACTIVE,ESPN 2026 PPR season projection,https://lm-api-reads.fantasy.espn.com/apis/v3/games/ffl/seasons/2026/segments/0/leaguedefaults/3?scoringPeriodId=0&view=kona_player_info,2026,3
