player_name,team,position,season_projection,projected_average,projection_floor,projection_ceiling,pff_player_id,overall_rank,position_rank,tier,adp,bye_week,tags,expert_analysis,ranker,scoring_format,source,last_updated_at
Jahmyr Gibbs,DET,RB,342.690,20.158,240.000,445.380,122474,1,1,1,1.4,6,,"Gibbs is the only running back to average at least 21 PPR points per game in each of the last two seasons, combining elite rushing efficiency, double-digit touchdown production and over 500 receiving yards. The departure of David Montgomery removes the main factor that had previously capped his goal-line ceiling.

Detroit’s offensive line is the primary concern after dropping from second to 13th in PFF run-blocking grade last season. Two more starters were replaced this offseason, adding further uncertainty to an area central to Gibbs’ production. New offensive coordinator Drew Petzing has shown a willingness to feature a lead back heavily, so a dramatic shift in usage is unlikely.

The same talented supporting cast that creates slight competition for touches also helps Detroit remain one of the league's best offenses. The other elite running backs at a similar ADP carry comparable or greater uncertainty, which keeps Gibbs at the top of the position.",Nathan,PPR,PFF 2026 PPR season projections,2026-08-26T14:20:48.803565+00:00
Bijan Robinson,ATL,RB,335.980,19.764,233.280,438.670,123126,2,2,1,2.5,11,,"Robinson has finished among the top-three fantasy running backs in each of the last two seasons, combining over 1,400 rushing yards and at least 60 receptions per year. The replacement of Tyler Allgeier with Brian Robinson Jr. at backup is a lateral move at worst for his goal-line outlook.

Kevin Stefanski's history of featuring a lead back heavily when the personnel warrants it is an encouraging sign, as is his track record of prioritizing the running back position going back to his time with Dalvin Cook in Minnesota.

The Atlanta offensive line is the primary concern, with Jake Matthews posting a career-low PFF run-blocking grade and Kaleb McGary‘s retirement forcing Atlanta to sign Jawaan Taylor, who profiles more as a pass protector than a run blocker. Robinson is competing with Jahmyr Gibbs for the top running back spot, with Gibbs holding a slight edge due to Detroit's offensive track record and fewer questions up front.",Nathan,PPR,PFF 2026 PPR season projections,2026-08-26T14:20:48.803565+00:00
Puka Nacua,LAR,WR,323.950,19.056,225.980,421.910,100632,3,1,1,5.2,11,,"Nacua has been the most productive wide receiver in the NFL over the past two seasons with a 96.3 PFF receiving grade that leads the position comfortably. He has backed that up with elite performances against top defenses, including accruing 19 receptions for 300 yards and two touchdowns across two games against Seattle last season.

The Rams maintained every significant offensive piece outside of Rob Havenstein‘s retirement and own the highest PFF team grade in the league, but an upgraded defense could reduce passing volume enough to keep Nacua from reaching his ceiling as the overall WR1.

Matthew Stafford turns 38 before the season after an MVP campaign, making at least some regression in his efficiency metrics a reasonable expectation. The long-term dynasty outlook adds another variable with first-round pick Ty Simpson waiting in the wings, though Nacua's elite production makes him a locked-in early first-round pick in redraft regardless.",Nathan,PPR,PFF 2026 PPR season projections,2026-08-26T14:20:48.803565+00:00
Christian McCaffrey,SF,RB,323.910,19.054,221.220,426.610,11763,6,3,2,7.3,8,bust|injury_history,"McCaffrey led all running backs in fantasy points last season, getting there with modest rushing production and elite, wide receiver-level work in the passing game. But the concerns are mounting: a 3.

9 yards-per-carry average, fewer explosive runs, declining top-end speed on tracking data and a rebuilt 49ers receiving corps that could cut into the target volume that drove his value.

Combined with his age and a long injury history, that profile moves McCaffrey out of the top tier of backs, even though the overall RB1 upside is still there if everything breaks right. He lands as a mid-first-round redraft pick.",Nathan,PPR,PFF 2026 PPR season projections,2026-08-26T14:20:48.803565+00:00
Ja'Marr Chase,CIN,WR,323.450,19.026,225.490,421.410,84270,4,2,1,3.9,6,,"Chase reached a career-high 90.1 PFF receiving grade this past season, closing the gap between himself and the elite receivers thanks to Joe Burrow, whose 94.2 PFF passing grade over the past two seasons is notably higher than that of any other quarterback.

No wide receiver dominates a favorable matchup as well as Chase, who has put together five games with double-digit receptions for 160 or more yards and at least one touchdown over the past two years, compared to nine for the rest of the league combined.

The key members of the Bengals who have helped Chase will remain in place, with 20 of the 22 players who logged at least 25 offensive snaps last season still on the roster. The primary reason he isn't ranked as the top receiver in redraft is his performance in tough showdowns. Chase averaged just 33 yards across three games against top-eight defenses in preventing fantasy points to wide receivers.",Nathan,PPR,PFF 2026 PPR season projections,2026-08-26T14:20:48.803565+00:00
Jonathan Taylor,IND,RB,318.630,18.743,215.940,421.320,57488,10,5,3,7.6,13,,"Taylor was one of fantasy's most productive backs through the first 12 weeks of 2025, averaging 25.7 PPR points per game before fading to 13.3 over the final third as his boom-or-bust rushing style cooled off. His 71.

4 PFF grade across the past two seasons sits below the other backs drafted this early, but Taylor stays a top-five option because the Colts have again declined to invest behind him, leaving him with one of the league's heaviest workloads.

The risks are a long injury history and an uncertain quarterback picture with Daniel Jones coming back from injury. Taylor is a deserving first-round pick, just not a sure thing.",Nathan,PPR,PFF 2026 PPR season projections,2026-08-26T14:20:48.803565+00:00
Jaxon Smith-Njigba,SEA,WR,317.040,18.649,219.080,415.000,129758,5,3,1,5.7,11,,"Smith-Njigba was incredibly consistent in 2025, finishing with at least 90 receiving yards in all but two games. He’s also the youngest of the early first-round wide receiver options, making further improvement more likely than with the others.

The reason Smith-Njigba ranks a little lower in redraft is that the Seahawks underwent more significant changes this offseason, most notably losing offensive coordinator Klint Kubiak to the Las Vegas Raiders’ head coaching job and replacing him with former 49ers tight ends coach Brian Fleury.

The reigning Offensive Player of the Year should have consistency at quarterback with Sam Darnold, who ranks among the top-10 quarterbacks in PFF grade over the last two seasons, though Darnold hasn't been as good as Burrow or Stafford. No one is going to come close to taking Smith-Njigba's spot as the top receiving weapon in the offense, but he remains on top in dynasty rankings thanks to his age, and the situation for each wide receiver is temporary.",Nathan,PPR,PFF 2026 PPR season projections,2026-08-26T14:20:48.803565+00:00
Josh Allen,BUF,QB,302.320,17.784,182.940,421.700,46601,31,1,1,22.1,7,,"Allen has been a top-three fantasy quarterback in each of the past six seasons, combining elite passing consistency with rushing production that includes 12 or more touchdowns on the ground in each of the past three years.

What separates him historically is the balance between his skill sets, as he is a more polished passer than most elite rushing quarterbacks and a more dangerous runner than most high-end pocket passers. The only real concern is age, as elite rushing production tends to decline earlier than passing ability, and Allen turned 30 before the season starts.

Buffalo's addition of DJ Moore should push his passing volume back up after a down year in 2025, giving him a realistic path to an even bigger season and making him the top fantasy quarterback option by a clear margin in redraft.",Nathan,PPR,PFF 2026 PPR season projections,2026-08-26T14:20:48.803565+00:00
Jalen Hurts,PHI,QB,293.700,17.276,174.320,413.080,40291,56,3,2,51.3,10,,"Hurts has finished among the top eight fantasy quarterbacks in each of the past five seasons, a consistency matched only by Josh Allen, but 2025 was a down year across the board with career lows in yards per attempt and rushing output.

The concerns around Patrick Mahomes‘ ACL recovery, Lamar Jackson‘s aging supporting cast and the situation around Rashee Rice in Kansas City all work in Hurts' favor as one of the safer options at the position. Philadelphia replaced A.J. Brown with Makai Lemon, Dontayvion Wicks and Hollywood Brown.

While the receiver room took a step back on paper, the Eagles should still field a top-10 offense with new coordinator Sean Mannion committed to keeping Hurts' rushing ability central to the scheme. A bounce-back season in both his efficiency metrics and rushing production would make him a top-three fantasy quarterback, and the surrounding circumstances give him a reasonable path to get there.",Nathan,PPR,PFF 2026 PPR season projections,2026-08-26T14:20:48.803565+00:00
Drake Maye,NE,QB,291.970,17.175,172.590,411.340,143969,47,2,2,47.4,11,,"Maye delivered one of the best sophomore seasons by a quarterback in the past two decades, ranking second in total fantasy points and third in points per game. The additions of A.J. Brown and Romeo Doubs give him a significantly stronger supporting cast heading into 2026. Maye’s 8.9 yards per attempt led the league, and his touchdown and interception rates both point toward at least some regression.

On top of that, his 409 rushing yards fell short of the 500-yard threshold that most top-three fantasy quarterbacks have cleared in recent seasons. Maye remains the top dynasty quarterback asset and a strong redraft option, though Josh Allen is the safer pick in redraft given his longer track record of elite production.

The schedule-strength concerns from 2025 are somewhat overstated given that Maye averaged 21.9 fantasy points per game against top-eight defenses, but regression in efficiency metrics is a real possibility that keeps him just below Allen in redraft tiers.",Nathan,PPR,PFF 2026 PPR season projections,2026-08-26T14:20:48.803565+00:00
Lamar Jackson,BAL,QB,290.270,17.075,170.890,409.640,46416,57,4,2,38.6,13,,"Jackson is the only quarterback to ever average 25 fantasy points per game in multiple seasons and has the highest ceiling of any quarterback in the top five, but his rushing attempts have declined every season since 2021 and dropped to just 5.2 per game in 2025.

The Ravens overhauled their entire coaching staff, with first-time play-caller Declan Doyle taking over as offensive coordinator after a season in Chicago — where he held the title but did not call plays — and the roster lost several key offensive pieces in free agency while leaning on a core of players past their prime.

Some rebound in Jackson's rushing production is reasonable to expect, and his passing efficiency has remained consistently strong. But the combination of declining mobility, a first-year play-caller and significant roster turnover makes him a boom-or-bust option rather than a safe top-five quarterback. His dynasty value remains elite given his track record, but in redraft he carries more risk than Allen, Maye or Hurts at a similar ADP.",Nathan,PPR,PFF 2026 PPR season projections,2026-08-26T14:20:48.803565+00:00
Justin Jefferson,MIN,WR,290.180,17.069,192.210,388.140,61398,7,4,2,12.1,6,,"Jefferson was a top-five fantasy wide receiver in points per game each season from 2021 to 2024. That streak ended in 2025 when he finished 30th, largely because his catchable target rate dropped nearly 10% and his end zone catchable target rate fell from 50% to 25% with Carson Wentz and J.J.

McCarthy under center. The Vikings addressed the quarterback situation by signing Kyler Murray, the best available option. Murray has supported elite fantasy receivers before, including DeAndre Hopkins as a top-five receiver in 2020 and Trey McBride‘s TE2 season in 2024.

There is always some risk with a new quarterback, but Murray represents a significant upgrade over what Jefferson dealt with last season. This change should be enough to return Jefferson to the top-five fantasy wide receivers.",Nathan,PPR,PFF 2026 PPR season projections,2026-08-26T14:20:48.803565+00:00
Amon-Ra St. Brown,DET,WR,289.060,17.004,191.100,387.020,84470,9,5,2,8.2,6,,"St. Brown has finished fourth, fifth and fourth in fantasy points per game among wide receivers over the last three seasons while posting a PFF receiving grade between 90.0 and 91.3 in each of the last four, making him the safest wide receiver available in fantasy drafts.

There isn't much reason to expect a significant change in either direction: He accumulates plus-0.5-graded receptions at a high rate but doesn't make big plays at nearly the rate of the top-three receivers on this list, and the Lions have enough weapons that they don't need to lean on him more heavily.

The main worry is new offensive coordinator Drew Petzing, who didn't prioritize slot receivers in Arizona, and Jameson Williams‘ continued development could eat into St. Brown's role. Those were the same issues last season, though, and they had no impact on his production.",Nathan,PPR,PFF 2026 PPR season projections,2026-08-26T14:20:48.803565+00:00
De'Von Achane,MIA,RB,288.990,16.999,186.300,391.680,124305,8,4,2,12,6,,"Achane is one of the most talented running backs in the league and the clear focal point of Miami's offense, which makes him a safe top-10 option.

But the ecosystem around him works against a higher finish: The Dolphins' run-blocking has ranked among the worst in the league, the offense has struggled to score and an offseason of departures raises the risk that it takes another step back.

With Achane’s volume already historic for his size and little room to grow, he profiles as a strong starter but an unlikely bet to crack the very top backs.",Nathan,PPR,PFF 2026 PPR season projections,2026-08-26T14:20:48.803565+00:00
James Cook,BUF,RB,285.930,16.819,183.240,388.630,83666,12,6,3,12.4,7,,"Cook finished 11th among running backs in points per game in 2024 on the back of 16 rushing touchdowns, and the expected touchdown regression pushed his draft cost down. But 2025 made the case that he can keep producing: his carries jumped from 12.

9 to 19.1 a game without cutting into his receiving work, he stayed efficient at 5.3 yards per carry and Buffalo's offensive line improved to sixth in PFF run-blocking grade.

The offseason did little to change Cook’s outlook, with the backfield intact and no clear move toward a pass-heavier attack. He's well-positioned for similar value in 2026, with a modestly lighter workload the main risk.",Nathan,PPR,PFF 2026 PPR season projections,2026-08-26T14:20:48.803565+00:00
Jayden Daniels,WAS,QB,285.280,16.781,165.910,404.660,97993,60,5,2,50.9,7,,"Daniels was a top-five fantasy quarterback as a rookie on the strength of his rushing, posting 148 carries for 891 yards and six touchdowns, numbers no other quarterback came close to matching. But a knee sprain, hamstring strain and dislocated elbow limited him to just one fully healthy game in 2025.

Daniels’ rushing ability gives him a realistic shot at finishing as the top fantasy quarterback in 2026 if he stays healthy, and there is enough cushion in his rushing volume that he does not need to fully replicate his rookie output to remain elite.

The concern is a significant supporting cast overhaul, with five of the six Commanders who had 40 or more receptions over the past two seasons now off the roster, plus first-time play-caller David Blough stepping in as offensive coordinator. The combination of injury history, roster turnover and an unproven coordinator makes Daniels a high-upside, high-variance option rather than a safe top-three quarterback.",Nathan,PPR,PFF 2026 PPR season projections,2026-08-26T14:20:48.803565+00:00
CeeDee Lamb,DAL,WR,284.760,16.751,186.800,382.720,61570,11,6,2,10.7,14,,"Lamb has reached 1,000 yards in five straight seasons and started 2025 as well as anyone, with 10 consecutive games of at least 66 receiving yards. Yet he finished just 10th in fantasy points per game, largely because he was held to three touchdowns against a career average of seven.

Positive touchdown regression alone should push him back into the top-five conversation, especially in one of the league's most stable offenses. The Cowboys retained both their head coach and offensive coordinator, Dak Prescott returns at quarterback and each of the top 11 players by offensive snaps from last season remains on the roster.

George Pickens‘ presence will make it difficult to replicate Lamb’s 2023 fantasy heights, but it also means defenses can't focus solely on Lamb. He is a very safe bet for another top-10 finish if healthy.",Nathan,PPR,PFF 2026 PPR season projections,2026-08-26T14:20:48.803565+00:00
Drake London,ATL,WR,284.450,16.732,186.490,382.410,86519,16,7,3,18.5,11,,"London is one of the league's elite receivers, joining Puka Nacua and Amon-Ra St. Brown as the only wide receivers with an 89.0-plus PFF receiving grade in each of the past two seasons. On top of that, London’s fantasy points per game jumped from 15.0 in 2024 to 16.8 in 2025, good for seventh among wideouts.

He benefits from limited competition for targets, with the players who ate into his volume last season all having departed, and Bijan Robinson and Kyle Pitts remaining as his only significant competition. The primary problem is the quarterback situation, with Michael Penix Jr. still rehabbing a torn ACL and Tua Tagovailoa competing for the starting job, though Tagovailoa has supported elite fantasy receivers before.

The secondary concern is new head coach Kevin Stefanski, whose teams haven't produced a top-15 fantasy wide receiver in points per game across seven seasons as a head coach or coordinator. Yet London has been more consistently excellent than any receiver Stefanski has previously coached.",Nathan,PPR,PFF 2026 PPR season projections,2026-08-26T14:20:48.803565+00:00
Joe Burrow,CIN,QB,283.250,16.662,163.870,402.630,28022,62,6,2,58.7,6,,"Burrow finished as the QB3 in 2024 and ranked third in fantasy points per game from his return in Week 13 through Week 18 last season after an early injury cut his year short. Nearly every piece around him returns in 2026 with Ja'Marr Chase, Tee Higgins and the coaching staff all locked in long-term.

Burrow does not rely on rushing production like most top fantasy quarterbacks, instead deriving his value from elite passing efficiency and one of the league's most pass-heavy offenses, a product in part of Cincinnati's defense ranking among the seven worst in points allowed in each of the last two seasons.

The Bengals made a significant investment to fix that, trading the 10th overall pick for Dexter Lawrence and adding Bryan Cook and Boye Mafe in free agency, which could reduce the negative game scripts that have driven Burrow's volume. If the defense improves enough to change how Cincinnati manages games, Burrow’s passing volume could dip, but his injury history is the bigger concern given he has missed at least six games in three of his six NFL seasons.",Nathan,PPR,PFF 2026 PPR season projections,2026-08-26T14:20:48.803565+00:00
Ashton Jeanty,LV,RB,275.310,16.195,172.620,378.000,157196,19,11,4,17.4,13,,"Jeanty was selected sixth overall in the 2025 NFL Draft, a draft slot that typically supports immediate top-10 fantasy production, but several factors outside of his control limited his rookie output. Despite playing behind one of the worst offensive lines in the NFL, he forced 61 missed tackles on the ground, ranking fifth among running backs.

Jeanty also placed fourth in PFF rushing grade (92.3) on carries with positive yards before contact, suggesting significant upside in an improved environment. The Raiders addressed that situation aggressively this offseason, hiring Klint Kubiak as head coach, drafting quarterback Fernando Mendoza first overall and signing elite center Tyler Linderbaum.

One concern is Kubiak's tendency to deploy a true two-back system, with fourth-round rookie Mike Washington Jr. (223 pounds) threatening to siphon goal-line work from Jeanty (208) the same way Zach Charbonnet did from Kenneth Walker III in Seattle. A bigger concern is Jeanty suffered a sprained ankle on Aug. 23. It's unclear the extent of the sprain, and if he will be ready to go for Week 1 or if he will miss some time.",Nathan,PPR,PFF 2026 PPR season projections,2026-08-26T14:20:48.803565+00:00
Chase Brown,CIN,RB,272.300,16.018,169.610,375.000,77787,13,7,4,22.3,6,,"Brown has finished top 10 among running backs in fantasy points per game in each of the last two years. The setup in Cincinnati remains consistent, with Joe Burrow, Ja'Marr Chase and Tee Higgins keeping defenses from loading the box.

On top of that, Brown ranks among the top running backs in both first-read and checkdown targets. The only real concern is Burrow's health, but when he was fully healthy down the stretch last season, Brown averaged 22.

3 PPR points per game without even breaking a long run. That suggests even more upside if the Cincinnati offense fully clicks.",Nathan,PPR,PFF 2026 PPR season projections,2026-08-26T14:20:48.803565+00:00
Justin Herbert,LAC,QB,269.060,15.827,149.680,388.440,28237,77,7,3,106.6,7,,"Herbert has been a reliable fantasy quarterback since he entered the league, and his outlook is even better this year with a new offensive coordinator, an improving young supporting cast and a healthier offensive line.

The biggest lift to his ceiling is his rushing, which jumped to 498 yards last season, second-most among quarterbacks. That gives Herbert overall QB1 upside, with the main caveat a recurring pattern of injuries to his skill players derailing promising seasons.

In single-quarterback leagues, Herbert is worth waiting on rather than reaching for an early quarterback, ideally paired with a second option for tough matchups.",Nathan,PPR,PFF 2026 PPR season projections,2026-08-26T14:20:48.803565+00:00
Brock Purdy,SF,QB,263.620,15.507,144.240,383.000,77672,86,9,3,102.8,8,,"Purdy has finished among the top 12 quarterbacks in each of his three seasons as a starter, doing it both with a loaded supporting cast and through stretches of heavy injuries. His 91.1 offensive grade ranks sixth at the position over that span.

Purdy is going outside the top 12 despite play that warrants a spot inside it, and San Francisco's offseason additions of Mike Evans and Christian Kirk should give him his best receiving group in years.

The main risk is how many of his key weapons are aging veterans, since a decline from one or more could drag down the whole offense. On balance, Purdy is an undervalued quarterback and a strong reason to feel comfortable waiting at the position.",Nathan,PPR,PFF 2026 PPR season projections,2026-08-26T14:20:48.803565+00:00
Trevor Lawrence,JAX,QB,262.080,15.416,142.700,381.460,77632,78,8,3,92.7,7,,"Lawrence broke out as a fantasy asset in 2025 under new head coach Liam Coen, finishing sixth among quarterbacks in points per game while setting career highs in rushing.

Much of that production came from his rapport with Parker Washington, Jakobi Meyers and Brenton Strange as much as his higher-profile targets, and having his full receiving group healthy at once should sustain it.

Even with some expected touchdown regression, Lawrence’s outlook is similar to last season, which makes his current ADP outside the top 10 a strong value.",Nathan,PPR,PFF 2026 PPR season projections,2026-08-26T14:20:48.803565+00:00
Kenneth Walker III,KC,RB,261.880,15.405,159.190,364.580,97199,14,8,4,22.2,5,,"Walker has been one of the most efficient running backs in the NFL over the past three seasons, ranking second in PFF overall grade (93.

2), but a crowded backfield in Seattle limited his fantasy value by splitting goal-line work and passing game opportunities with Zach Charbonnet. With Isiah Pacheco gone and Kareem Hunt unsigned, the Chiefs present a much cleaner path.

While Kansas City's pass-heavy tendencies cap Walker’s rushing ceiling, the team's history of targeting running backs and Walker's own receiving ability give him a realistic shot at a top-five finish if his role in the passing game expands.",Nathan,PPR,PFF 2026 PPR season projections,2026-08-26T14:20:48.803565+00:00
Dak Prescott,DAL,QB,259.810,15.283,140.440,379.190,10769,96,11,3,85.2,14,,"Prescott has been the Cowboys' starter for a decade and finished eighth in fantasy points per game last season behind one of the league's best supporting casts, with CeeDee Lamb, George Pickens, a strong offensive line and a pass-friendly staff all returning.

He offers little as a runner, and a step back is reasonable now that an overhauled defense should keep Dallas from trailing and throwing as often late in games.

Prescott’s production swings with the strength of his opponent, ranging from QB8 against weak defenses to QB16 against top-10 units. Prescott is a fine single-quarterback option who is best paired with a second quarterback you can stream by matchup.",Nathan,PPR,PFF 2026 PPR season projections,2026-08-26T14:20:48.803565+00:00
Caleb Williams,CHI,QB,259.430,15.261,140.050,378.800,144622,91,10,3,92.3,10,,"Williams was a non-factor as a rookie, but the additions of Ben Johnson, Luther Burden III and Colston Loveland helped him jump to 19.0 fantasy points per game last season, eighth-most among quarterbacks. He wasn't consistent on a play-by-play basis, as his 57.

0% accuracy ranked second-worst among qualifying passers, but volume and a 27-to-9 touchdown-to-interception ratio carried his fantasy value. Williams’ 77 carries for 383 yards also gave him a useful rushing floor.

Some regression is possible given the accuracy concerns. But a second year in Johnson's system and a young receiving corps that finished strong both point toward growth, making Williams a fantasy starter this season and one of the top dynasty options at the position.",Nathan,PPR,PFF 2026 PPR season projections,2026-08-26T14:20:48.803565+00:00
Kyler Murray,MIN,QB,257.750,15.162,138.370,377.130,38334,108,12,4,146.5,6,sleeper,"Murray was a steady top-12 fantasy quarterback for five seasons before injury wrecked his 2025 and a healthy-but-unproductive 2024 raised real questions, but he's landing in a Kevin O'Connell offense that has produced fantasy-relevant quarterbacks in nearly every season regardless of who's behind center.

An improving offensive line that battled injuries up front last year should help. Pairing with Justin Jefferson, who grades out even better than DeAndre Hopkins did during Murray's best Arizona stretch, gives him a real path back to weekly fantasy relevance.

If Murray and the Minnesota offense both bounce back, he profiles as a consistent single-quarterback starter.",Nathan,PPR,PFF 2026 PPR season projections,2026-08-26T14:20:48.803565+00:00
Patrick Mahomes,KC,QB,257.030,15.119,137.650,376.410,11765,112,15,4,106.8,5,injury_history,"Mahomes bounced back to a top-two fantasy finish last season, but the rebound was driven almost entirely by a spike in rushing rather than his passing, which has quietly declined for years.

Even with a Week 1 return expected, that matters because a torn ACL and LCL makes it unlikely he runs as much this season, removing the exact thing that fueled his 2025 value.

Add in an aging Travis Kelce, a possible Rashee Rice suspension and a down year from Xavier Worthy, and there's real risk, though the return of coordinator Eric Bieniemy from Mahomes’ peak years offers upside. He's worth drafting in single-quarterback leagues but should be paired with a second option to stream by matchup.",Nathan,PPR,PFF 2026 PPR season projections,2026-08-26T14:20:48.803565+00:00
Bo Nix,DEN,QB,256.700,15.100,137.320,376.080,97790,110,13,4,86.7,10,,"Nix has been a top-10 fantasy quarterback in each of his two pro seasons, but his production has outrun his PFF passing grade — propped up by elite volume, a top pass-blocking line, a strong defense and his own rushing.

Several of those supports could soften this year: A healthy backfield led by J.K. Dobbins could pull rushing volume from Nix, especially with a good defense inviting run-heavy game scripts, and an ankle injury may curb his own runs.

The addition of Jaylen Waddle should help Nix as a passer, so he could look better while producing less for fantasy. Nix’s ADP has rightly dipped, and he profiles as a quarterback to pair with another in single-quarterback leagues.",Nathan,PPR,PFF 2026 PPR season projections,2026-08-26T14:20:48.803565+00:00
Jaxson Dart,NYG,QB,253.650,14.921,134.270,373.030,146409,111,14,4,76.2,8,,"Dart averaged 20.5 fantasy points per start as a rookie, ranking seventh among quarterbacks. His rushing ability was the primary driver, as his 86 attempts and nine touchdowns on the ground carried his fantasy value despite modest passing efficiency.

The supporting cast around him is dramatically improved heading into 2026, with Malik Nabers ideally returning from a torn ACL, the additions of Darnell Mooney, Calvin Austin III and Isaiah Likely and the 10th overall pick spent on offensive lineman Francis Mauigoa.

A healthy Nabers is likely the key variable separating Dart from the top tier of fantasy quarterbacks, as the rest of the receiver upgrades alone may not be enough to push him there. Concussion questions are the other limiting factor, as he missed two games and underwent multiple evaluations last season, keeping him just outside the top tier despite the upside.",Nathan,PPR,PFF 2026 PPR season projections,2026-08-26T14:20:48.803565+00:00
A.J. Brown,NE,WR,252.730,14.866,154.760,350.690,48327,17,8,3,26.8,11,,"Brown was ranked the top wide receiver entering 2025 but posted a relative dip in production, with speculation that situational frustration rather than physical decline was the cause, as Philadelphia's dominant rushing attack repeatedly rendered him a spectator in lopsided wins.

He was traded to New England, where he reunited with head coach Mike Vrabel and is the clear top skill player on the roster. The fit looks promising on paper: Brown's 12.8 average depth of target over the last three seasons is the highest among the top-10 wide receivers by PFF grade, and Drake Maye ranked fourth among quarterbacks on passes of 13 or more yards at 49.

7%, compared to Jalen Hurts‘ third-lowest rate of 36.8% among the top 30. If the 2025 decline was situational, Brown has the ceiling for an elite fantasy campaign; if it marked the beginning of a broader downturn, managers could be in for a disappointing year.",Nathan,PPR,PFF 2026 PPR season projections,2026-08-26T14:20:48.803565+00:00
Matthew Stafford,LAR,QB,251.820,14.813,132.440,371.200,4924,113,16,4,80.2,11,bust,"Stafford is coming off an MVP season and the fourth-most fantasy points per game, but his production leaned heavily on a career-best touchdown rate and career-low interception rate that are strong regression candidates.

If his touchdown rate falls even to his 2023 level, his scoring will drop enough to land him around QB18. Add in his age, 38, and a Rams defense that added talent and is expected to improve — likely cutting pass volume and inviting run-heavy fourth quarters — and the outlook is cautious.

Stafford is a matchup-based option who shouldn't be drafted as a starter in single-quarterback leagues, and he ranks even lower in dynasty.",Nathan,PPR,PFF 2026 PPR season projections,2026-08-26T14:20:48.803565+00:00
Jared Goff,DET,QB,251.310,14.783,131.930,370.690,10635,119,17,4,137.1,6,,"Goff has been remarkably durable and productive in raw passing terms, leading all quarterbacks in passing yards over the last four years. Still, his complete lack of rushing production has kept him outside the fantasy QB1 range in most of those seasons despite strong weapons and an excellent supporting cast.

Without rushing upside, even a big statistical season likely caps Goff in the same range as Tom Brady‘s heavy-volume 2021, which only produced a QB3 finish.

Goff is best treated as a streaming option rather than a draft-and-hold starter, valuable to pair with another quarterback and deploy on the best matchups each week.",Nathan,PPR,PFF 2026 PPR season projections,2026-08-26T14:20:48.803565+00:00
DeVonta Smith,PHI,WR,248.000,14.588,150.040,345.970,61100,25,10,3,40.8,10,,"Smith has been a dependable fantasy starter throughout his career, ranking among the top 30 wide receivers in fantasy points per game in each of the last four seasons despite playing as the second option behind A.J.

Brown. Smith has been at his best out wide, posting an 89.9 PFF receiving grade and 2.95 yards per route run there in 2025, tied for third-best in the league.

With Brown traded and Philadelphia's additions of Makai Lemon, Hollywood Brown and Dontayvion Wicks profiling as slot options, Smith should play significantly more out wide while seeing a career-high target rate. His floor is safer than ever, and the Eagles rebounding as a team could push him into the top-five or top-10 conversation.",Nathan,PPR,PFF 2026 PPR season projections,2026-08-26T14:20:48.803565+00:00
Nico Collins,HOU,WR,247.770,14.575,149.800,345.730,61441,20,9,3,26.9,8,,"Collins owns a 92.7 PFF receiving grade over the last three seasons combined, tied for second-best among receivers. He scored 149.5 PPR points from Weeks 8 through 17 in 2025, seventh-best among wide receivers over that stretch.

The Texans' offensive overhaul, including a reworked offensive line and the addition of David Montgomery, gives reason for optimism that C.J. Stroud can bounce back from his 65.0 PFF grade in 2025. But Montgomery's presence could also mean significantly fewer pass attempts from a team that already plays with a top defense and little need to throw.

A season-ending ACL tear to Jayden Higgins will help Collins maintain a very high target rate this season, although the return of Tank Dell or Jaylin Noel stepping up could influence just how high his target rate can become. Collins has missed at least two games in each of his first five seasons. While his talent warrants early-round consideration, he carries more risk than most top-10 fantasy wide receiver options.",Nathan,PPR,PFF 2026 PPR season projections,2026-08-26T14:20:48.803565+00:00
Baker Mayfield,TB,QB,247.440,14.555,128.060,366.820,46518,135,19,5,148.1,10,,"Mayfield has been a quality starter in Tampa Bay, peaking at fourth among fantasy quarterbacks in 2024 on the back of an unusually high touchdown rate and a jump in rushing. His 2025 slipped as the touchdown rate normalized and his accuracy fell, likely tied to oblique and shoulder injuries, though his rushing stayed strong.

A reasonable projection lands between those two seasons: Unlikely to repeat the 2024 touchdown spike, but with a higher rushing floor and a still-strong receiver group even without Mike Evans.

New coordinator Zac Robinson brings some uncertainty but has ties to the 2024 scheme, leaving Mayfield outside the top 12 but a strong later-round option who can start in the right matchups.",Nathan,PPR,PFF 2026 PPR season projections,2026-08-26T14:20:48.803565+00:00
Omarion Hampton,LAC,RB,246.720,14.513,144.030,349.410,162750,15,9,4,25.6,7,,"Hampton flashed his ceiling as a rookie with a 128-yard, one-touchdown outburst against the Giants. But an ankle fracture wiped out half his season, and his efficiency suffered behind a shaky offensive line. That line should be far better in 2026, with Rashawn Slater and Joe Alt back from injury and upgrades at center and right guard in Tyler Biadasz and Cole Strange.

The catch is a crowded backfield: Kimani Vidal impressed in Hampton's absence, and new offensive coordinator Mike McDaniel pushed hard to sign Keaton Mitchell, the De'Von Achane-like back he just coached in Miami.

If McDaniel's offense takes off and Hampton secures the bulk of the touches, he has league-winning upside. But the touch distribution and a roster full of players returning from injury leave real risk.",Nathan,PPR,PFF 2026 PPR season projections,2026-08-26T14:20:48.803565+00:00
Saquon Barkley,PHI,RB,246.200,14.482,143.510,348.900,45791,18,10,4,15.5,10,bust,"Barkley was fantasy's top running back in 2024 at a historic, touchdown-heavy pace. He came back to earth last season, averaging 14.5 PPR points per game (15th among backs) as the entire Eagles offensive line took a step back.

With the line returning intact and Sean Mannion now calling plays, there's a path back toward his ceiling, but the real threat to his value is touch share.

Last year, Tank Bigsby out-graded and out-produced him on a per-touch basis last season, and at 29, Barkley is the one the Eagles might look to spell more often. Better per-touch efficiency wouldn't necessarily save Barkley’s fantasy value if it comes with fewer overall touches.",Nathan,PPR,PFF 2026 PPR season projections,2026-08-26T14:20:48.803565+00:00
Trey McBride,ARI,TE,246.110,14.477,167.500,324.720,75916,29,2,1,20.6,14,,"McBride had a historically great 2025, setting a new single-season record for receptions by a tight end and averaging 18.6 PPR points per game, sixth among all receivers.

Much of that was a product of circumstance: Arizona attempted a league-high 649 passes after losing its top two running backs in September and seeing five of its top eight wide receivers end the year on injured reserve. The good news is that Jacoby Brissett, who averaged a remarkable 21.

1 PPR points per game over his 12 starts, remains the expected starter, and a more balanced offense under new head coach Mike LaFleur should mean more red zone trips. The biggest worry is a mid-season quarterback change, since any replacement almost certainly won't feed McBride at the same rate.",Nathan,PPR,PFF 2026 PPR season projections,2026-08-26T14:20:48.803565+00:00
Jordan Love,GB,QB,246.060,14.474,126.680,365.440,40306,133,18,5,158.3,11,,"Love has slipped from seventh to 21st among fantasy quarterbacks in points per game over three seasons, almost entirely because Green Bay's run-heavy approach has cut his passing volume. His grade remains elite, sitting fifth in the league over the past two years.

The ceiling is there if the Packers’ offense throws more, which is plausible given a strong young receiving group and a possibly weaker offensive line inviting more passing. That line is the real wild card, with two of its best pass protectors gone and several unproven starters remaining.

Love is a safe QB2 with top-10 upside, startable weekly in superflex and matchup-dependent elsewhere. He’s a potential weekly single-quarterback starter if Green Bay’s young pieces develop.",Nathan,PPR,PFF 2026 PPR season projections,2026-08-26T14:20:48.803565+00:00
Malik Willis,MIA,QB,242.160,14.245,122.780,361.530,60341,137,20,5,166.7,6,,"Willis has barely played in his career, amounting to just 118 dropbacks over the last two years. Yet when on the field, he grades well and, more importantly for fantasy, scrambles more often than any quarterback in the league.

The former Packer is now set to start for Miami. While some passing and rushing regression is fair to expect without his Green Bay supporting cast and against better-prepared defenses, his rushing floor alone gives him real fantasy upside.

Extrapolated over a full season, his Green Bay rushing rate would have led all quarterbacks. Willis is a strong target for anyone willing to wait on a second quarterback in redraft leagues.",Nathan,PPR,PFF 2026 PPR season projections,2026-08-26T14:20:48.803565+00:00
Tyler Shough,NO,QB,240.940,14.173,121.560,360.320,83537,145,21,5,155.6,8,,"Shough flashed as a rookie, averaging 17.6 PPR points per game as a starter with a strong blend of passing and rushing volume, but the production came against a soft schedule and with the Saints leaning heavily on him amid injuries and a thin supporting cast.

New Orleans added Travis Etienne and currently injured rookie Jordyn Tyson, which should help his efficiency but may also tilt the offense toward more rushing.

The likeliest outcome is mild regression even with better weapons, though there's real upside if the new pieces click. He's a strong late-round option and a good example of why waiting at quarterback makes sense in single-quarterback leagues.",Nathan,PPR,PFF 2026 PPR season projections,2026-08-26T14:20:48.803565+00:00
Chris Olave,NO,WR,239.950,14.115,141.990,337.920,84355,28,12,3,31,8,,"Olave finished as the overall WR6 last season — driven by a career-high nine touchdowns — with his grades, catches and yardage otherwise in line with the two 1,000-yard seasons that opened his career.

Some regression is reasonable to expect, since he was the focal point of the offense late in the year while injuries and midseason departures thinned the group around him. Plus, New Orleans has since added first-round rookie Jordyn Tyson, even though he is currently injured, and signed Travis Etienne.

Olave has graded consistently across all four seasons, which makes him a steady mid-range WR1 and a weekly must-start when healthy. The catch is his concussion history: Five documented concussions make Olave more likely both to suffer another and to miss extended time if he does, so anyone drafting him needs a backup plan.",Nathan,PPR,PFF 2026 PPR season projections,2026-08-26T14:20:48.803565+00:00
George Pickens,DAL,WR,239.840,14.108,141.880,337.800,99229,32,13,3,30.7,14,,"Pickens broke out in his first season with the Cowboys, finishing fifth in fantasy points and sixth in fantasy points per game after a career-high 2.

35 yards per route run, aided by a lower average depth of target that made more of his targets catchable and fueled 21 avoided tackles after the catch, fourth among wide receivers.

Some regression is likely, as his five touchdowns of over 25 yards were tied for the league lead; that kind of production is notoriously inconsistent from year to year. Despite the touchdown regression, he is still expected to be a consistent fantasy starter at worst, and a top-10 option at best.",Nathan,PPR,PFF 2026 PPR season projections,2026-08-26T14:20:48.803565+00:00
Sam Darnold,SEA,QB,239.670,14.098,120.300,359.050,29048,155,22,5,162.2,11,,"Darnold grades among the league's best passers but finished just 27th in fantasy points per game last season, entirely because Seattle threw so little.

There's a real case for more volume this year: The backfield is thinner with Kenneth Walker III gone and Zach Charbonnet on the PUP, Rashid Shaheed has a full offseason with him and the league-best defense is likely to regress, all of which point to more passing.

The cap on Darnold’s upside is his rushing, with just 95 yards last season. He's a fine late-round option with genuine improvement potential, best deployed in weeks that project as competitive games.",Nathan,PPR,PFF 2026 PPR season projections,2026-08-26T14:20:48.803565+00:00
Kyren Williams,LAR,RB,238.650,14.038,135.960,341.340,97118,21,12,4,41.7,11,,"Williams is one of four running backs to finish top 12 in fantasy points per game in each of the last three seasons.

He benefits from one of the league's best offenses in Los Angeles, where the Rams retained nearly their entire offensive unit and upgraded significantly on defense.

The only real ceiling concern is a drive-by-drive rotation with Blake Corum, who posted an identical 87.0 PFF rushing grade last season. Williams' edge as the better receiving back should keep him as the primary fantasy asset even if the split continues.",Nathan,PPR,PFF 2026 PPR season projections,2026-08-26T14:20:48.803565+00:00
C.J. Stroud,HOU,QB,238.370,14.022,118.990,357.750,129759,179,24,5,165.4,8,,"Stroud's grade and fantasy production have both slipped each year since a strong rookie season, but the biggest culprit has been Houston's offensive line: He's excellent when kept clean and merely average under pressure, which he's faced as often as almost any quarterback.

The line was reworked but still carries real questions, with a rookie draftee and two aging free agents. Stroud’s redraft outlook is poor, hurt further by a strong defense and added rushing that point to a conservative, low-volume offense.

The dynasty case is much better, since the young receiver group, an improving line, likely defensive regression and room for Stroud to grow as a passer could combine into a real leap in the next few years.",Nathan,PPR,PFF 2026 PPR season projections,2026-08-26T14:20:48.803565+00:00
Garrett Wilson,NYJ,WR,238.220,14.013,140.250,336.180,97405,34,14,4,36.4,13,,"Wilson is a talented receiver coming off three straight 1,000-yard seasons and a strong start to 2025 that a knee injury cut short. His fantasy value has been capped mostly by poor Jets quarterback play, which new addition Geno Smith should help.

At the same time, Wilsonhe will face more target competition than he is used to after the team added Adonai Mitchell, Omar Cooper Jr. and Kenyon Sadiq.

His production is largely tied to overall offensive production: If New York clicks, he has clear top-10 upside, but if the unit is among the league's worst, he could fall outside the top 20.",Nathan,PPR,PFF 2026 PPR season projections,2026-08-26T14:20:48.803565+00:00
Derrick Henry,BAL,RB,238.040,14.002,135.340,340.730,10679,22,13,4,18.8,13,bust,"Henry remains a high-end fantasy back when healthy, finishing eighth among running backs in points per game last season while scoring 16 rushing touchdowns for the second year in a row.

His minimal receiving role — tallying just 15 catches — caps his ceiling, and there is real regression risk. He turned 32 with a massive career workload, and the Ravens lost three of their best run-blockers in Tyler Linderbaum, Patrick Ricard and Charlie Kolar.

The offset is volume. No one on the depth chart is positioned to take carries from Henry, which keeps him a weekly must-start with low-end RB1 upside if everything goes well.",Nathan,PPR,PFF 2026 PPR season projections,2026-08-26T14:20:48.803565+00:00
Josh Jacobs,GB,RB,237.580,13.975,134.890,340.270,45953,23,14,4,37,11,,"Jacobs has been a model of fantasy consistency, one of just eight backs to finish top-12 in points per game in both 2024 and 2025, and he carries the third-ranked PFF offensive grade over that span.

He has almost no competition for touches in Green Bay after Emanuel Wilson‘s departure, and an improving offensive line could finally lift the efficiency that a weak front had capped. The major caveats are durability and availability: Jacobs played through injury late in 2025 and was arrested on domestic violence allegations in May.

While he was released without charges, a suspension remains a real possibility. If the Green Bay offensive line takes a step forward and he stays available, Jacobs has league-winning upside, but the legal and disciplinary uncertainty makes him a genuine risk until there's more clarity.",Nathan,PPR,PFF 2026 PPR season projections,2026-08-26T14:20:48.803565+00:00
Breece Hall,NYJ,RB,237.420,13.966,134.730,340.120,97636,30,16,5,33.7,13,,"Hall has been the Jets' lead back for three seasons but has slid from the overall RB2 in 2023 to outside the top 15, largely because his receiving role has shrunk.

That trend is unlikely to reverse under new playcaller Frank Reich, who has rarely featured his lead back in the passing game. Additionally, Braelon Allen‘s return could siphon goal-line work, capping the touchdown upside that is Hall's clearest path to a top-10 finish.

He remains the unquestioned starter on a team that will feed him volume, which keeps him a safe top-20 back, but his limited offensive ceiling holds back anything more. Hall has a groin strain, which shouldn't stop him from playing in Week 1, but will be an injury worth monitoring.",Nathan,PPR,PFF 2026 PPR season projections,2026-08-26T14:20:48.803565+00:00
Zay Flowers,BAL,WR,237.340,13.961,139.380,335.310,97268,35,15,4,40.7,13,,"Flowers has been the focal point of Baltimore's passing game and a two-time Pro Bowler, standing out as the smaller, quicker yards-after-catch option in a receiving corps full of tall targets.

That size profile has limited his red-zone role and touchdown production, so he consistently ranks better in yardage than in fantasy points. There is added uncertainty this season under first-time offensive coordinator Declan Doyle, whose previous stops leaned on taller receivers, the same type Baltimore added in the draft.

He is still well worth a top-20 pick and should beat his ADP, though it is reasonable that Flowers has slipped behind receivers with more upside and better touchdown odds.",Nathan,PPR,PFF 2026 PPR season projections,2026-08-26T14:20:48.803565+00:00
Jeremiyah Love,ARI,RB,237.140,13.949,134.450,339.830,171090,24,15,4,22.8,14,rookie,"Love was selected third overall in April, the highest draft position for a running back since Saquon Barkley. Every running back taken within the first 20 picks over the past five seasons finished as a top-12 rookie. Love’s 79.2 PFF receiving grade ranks second among the top 20 running backs in the 2025 draft class, adding another dimension to an already high-upside profile.

The landing spot in Arizona is a mild concern given the existing backfield competition and a PFF run-blocking grade that ranked fourth-lowest in the NFL last season, but the draft capital alone should secure him enough volume to be a borderline RB1 in redrafts and the top option in dynasty rookie drafts.

Love is currently dealing with a high ankle sprain, which will likely impact his fantasy production the first month of the season, but ideally won't become a long term concern.",Nathan,PPR,PFF 2026 PPR season projections,2026-08-26T14:20:48.803565+00:00
Tetairoa McMillan,CAR,WR,235.900,13.876,137.940,333.860,158735,42,21,5,41.5,5,,"McMillan delivered a 1,000-yard rookie season as Carolina's clear top receiver and returns to rare continuity, keeping the same head coach, offensive coordinator and quarterback with little modification to his target competition.

His path to a top-10 ceiling runs through touchdowns: McMillan scored seven on a heavy share of the team's end-zone targets. Head coach Dave Canales has a history of funneling those looks to his top X receiver, the way Mike Evans and D.K.

Metcalf saw them at much higher rates under him. Still only 23 and drafted to take a modest step forward, the reigning Offensive Rookie of the Year profiles as a relatively safe WR2 with real upside if the scoring climbs.",Nathan,PPR,PFF 2026 PPR season projections,2026-08-26T14:20:48.803565+00:00
Javonte Williams,DAL,RB,234.740,13.808,132.050,337.430,77803,33,17,5,35.4,14,,"Williams was excellent as a rookie backing up Melvin Gordon, but he tore his ACL and LCL early in 2022 after earning the starting job and hasn't looked the same since, including as Denver's primary back in 2024.

Dallas signed him in 2025, where he beat out Miles Sanders and rookie Jaydon Blue to be the feature back, played at least 70% of snaps in 11 of 16 games and averaged 15.2 fantasy points per game through Week 14. That placed 12th among running backs on a mix of efficiency and volume before a shoulder injury slowed his finish.

With the offense maintaining personnel and no new backfield additions, Williams projects for a similar role in 2026, leaning on Blue or Phil Mafah to spell him. His ceiling is capped, since it's unlikely he becomes a top-five back or that Dallas starts throwing to its backs more often, but he is a very safe RB2.",Nathan,PPR,PFF 2026 PPR season projections,2026-08-26T14:20:48.803565+00:00
Brock Bowers,LV,TE,233.350,13.726,154.740,311.960,146715,27,1,1,24.3,13,,"Bowers averaged at least 14.5 receiving PPR points per game in each of the last two seasons despite the Raiders posting the third-worst team PFF passing grade in the league over that span, a feat none of the other nine players to hit that threshold accomplished with a team passing grade in the bottom 12.

The top tight ends warrant high rankings in both redraft and dynasty because there is a higher correlation between fantasy points and PFF grades at tight end than at other positions. Bowers, Trey McBride and George Kittle all sit above 90.0 in PFF receiving grade over the last two years, with no one else clearing 85.0 on over 50 targets.

Kittle is working back from a torn Achilles, making McBride and Bowers the clear top two for now. The Raiders overhauled their roster around Bowers this offseason, adding head coach Klint Kubiak, quarterback Kirk Cousins and receiver Jalen Nailor. While the changes introduce some uncertainty, most of them point in a positive direction.",Nathan,PPR,PFF 2026 PPR season projections,2026-08-26T14:20:48.803565+00:00
Malik Nabers,NYG,WR,232.930,13.702,134.970,330.900,146759,26,11,3,34,8,injury_history,"Nabers is one of the most talented wide receivers in the NFL, posting the best PFF receiving grade among wide receivers in the past two draft classes at 86.4. Further, his 29.

7% target rate led all wide receivers last season despite missing most of 2025 with a torn ACL. The unknown around his health heading into 2026 is the central issue, as most wide receivers see a significant production drop returning from a torn ACL.

The Giants signing Odell Beckham Jr., JuJu Smith-Schuster and Braxton Berrios in a single day signals the organization has real concerns about Nabers’ availability, making him a difficult top-10 pick despite the upside.",Nathan,PPR,PFF 2026 PPR season projections,2026-08-26T14:20:48.803565+00:00
Rashee Rice,KC,WR,232.600,13.682,134.640,330.560,97605,39,19,4,22.1,5,,"Rice was one of the most productive wide receivers per game last season at 18.8 PPR points, but he played just eight contests.

Further, his short-area role may be due for a change under Eric Bieniemy, whose offenses have historically featured receivers with much deeper target profiles. The off-field situation compounds the uncertainty, as Rice is rehabbing a knee surgery while serving a jail sentence.

He’s ended each of the last two seasons on injured reserve and carries additional off-field troubles that make him difficult to trust even at an ADP that already accounts for some of the risk.",Nathan,PPR,PFF 2026 PPR season projections,2026-08-26T14:20:48.803565+00:00
Ladd McConkey,LAC,WR,231.510,13.618,133.550,329.470,124030,36,16,4,50.5,7,,"McConkey impressed as a rookie before his production dipped in his second season, as a shift toward deep targets (where only four of his 17 were charted as catchable) increased competition from Keenan Allen, and a string of injuries cut into his efficiency and volume.

McConkey’s strength remains the intermediate game, where he earned a 90.0-plus PFF receiving grade on 10-to-19-yard-targets in both seasons.

New offensive coordinator Mike McDaniel should restore that usage, as his Miami offenses gave their top receiver at least 42 intermediate-range targets every season, with Jaylen Waddle and Tyreek Hill each topping 55 in a year. Improved health, reduced target competition and a scheme built for his strengths position McConkey for a career-best season.",Nathan,PPR,PFF 2026 PPR season projections,2026-08-26T14:20:48.803565+00:00
Daniel Jones,IND,QB,228.050,13.415,108.670,347.430,39395,162,23,5,158.4,13,injury_history,"Jones has been wildly inconsistent for fantasy across his career, and last season's strong 12th-place finish in Indianapolis leaned on five rushing touchdowns and an aggressive, high-aDOT passing profile rather than a real leap in passing quality.

His rushing volume has steadily declined, and a ruptured Achilles, even with a Week 1 return expected, makes another five-rushing-touchdown season unlikely.

The Colts also lost Michael Pittman Jr. and right tackle Braden Smith without meaningful additions, so the offense could slip. He's a fine second option in superflex but only a deep-bench consideration in single-quarterback redraft leagues.",Nathan,PPR,PFF 2026 PPR season projections,2026-08-26T14:20:48.803565+00:00
Aaron Rodgers,PIT,QB,227.440,13.379,108.060,346.820,2241,263,29,6,169.2,9,bust,"Rodgers is well past his MVP peak, averaging fewer than 16 fantasy points per game in each of his past two seasons while posting the lowest full-season passing grade of his career in 2025.

A reunion with longtime head coach Mike McCarthy, along with the additions of Michael Pittman Jr. and Germie Bernard, should keep him from the bottom tier of fantasy quarterbacks, but at 42 years old, a meaningful rebound is unlikely.

Rodgers is strictly a superflex option, with the potential to provide steady QB2 production. The concern is that his continued decline could leave him unstartable even in that format.",Nathan,PPR,PFF 2026 PPR season projections,2026-08-26T14:20:48.803565+00:00
Jacoby Brissett,ARI,QB,227.400,13.376,108.020,346.780,10725,243,27,6,170.1,14,,"Brissett is a career-long, borderline starter who posted a surprising ninth-place fantasy finish last season after taking over in Arizona, almost entirely on the back of massive passing volume in negative game scripts.

That volume is the worry: A healthier, upgraded backfield with Jeremiyah Love, Tyler Allgeier and James Conner should push Arizona toward the run, though a weak defense could still force plenty of late passing.

He's a viable short-term superflex option, but rookie Carson Beck looms as a late-season threat to his job. Anyone drafting Brissett should plan for the possibility he isn't the starter by the fantasy playoffs.",Nathan,PPR,PFF 2026 PPR season projections,2026-08-26T14:20:48.803565+00:00
Luther Burden III,CHI,WR,223.620,13.154,125.660,321.580,157170,37,17,4,76.7,10,breakout,"Burden excelled as a rookie despite never earning a full-time role, leading all Bears wide receivers with a 77.7 PFF receiving grade while finishing third among NFL wideouts in yards per route run (2.69) behind only Puka Nacua and Jaxon Smith-Njigba. His snap share, below 30% in the first half of the season, regularly exceeded 50% by year's end.

Chicago cleared his path to a starting job by trading DJ Moore and letting Olamide Zaccheaus walk, replacing them with only Kalif Raymond and a third-round rookie. Burden was especially dangerous in 12 personnel, generating 6.51 yards per route run, the best mark by any wide receiver in any personnel grouping with at least 40 routes.

The addition of rookie tight end Sam Roush could push the Bears further in that direction. The expanded role makes Burden a prime breakout candidate, particularly as a value in casual leagues. A groin injury shouldn't hurt Burden's ceiling, but if the injury lingers, it would impact his floor.",Nathan,PPR,PFF 2026 PPR season projections,2026-08-26T14:20:48.803565+00:00
Emeka Egbuka,TB,WR,223.040,13.120,125.080,321.000,145055,43,22,5,48,10,breakout,"Egbuka had a turbulent, inconsistent rookie season, but much of the struggle traced to poor target quality on intermediate routes and a brutal late-season schedule rather than his own play. Indeed, barely a third of his deep intermediate targets even charted as catchable.

Both factors should ease in 2026 behind a healthier Baker Mayfield and a more balanced slate. New offensive coordinator Zac Robinson has slotted Egbuka as the offense's primary Z receiver, the same role that produced top-five fantasy seasons for Drake London, Puka Nacua and Cooper Kupp over the past five years.

Egbuka still has to win targets in a crowded room, but if he emerges as the clear No. 1, his role and environment give him one of the higher ceilings among receivers outside the elite tier.",Nathan,PPR,PFF 2026 PPR season projections,2026-08-26T14:20:48.803565+00:00
Tee Higgins,CIN,WR,222.700,13.100,124.740,320.660,61211,40,20,5,55.5,6,,"Higgins is a talented, consistent piece of a Bengals passing game that returns almost entirely the same, catching passes from Joe Burrow in an offense that throws often.

The catch is his touchdown production: Higgins’ strong totals have come from sources that tend to regress, a cluster of long scores last season and a flood of short-yardage scores the year before.

Expecting double-digit touchdowns again is unrealistic, and with his injury history factored in, he shouldn't be drafted at his current ADP of WR15, which is exactly where he finished last season.",Nathan,PPR,PFF 2026 PPR season projections,2026-08-26T14:20:48.803565+00:00
Bryce Young,CAR,QB,221.910,13.054,102.530,341.290,123943,219,26,6,168.8,5,,"Young remains a work in progress, but improved weapons in 2025, highlighted by rookie Tetairoa McMillan and Jalen Coker‘s breakout season, boosted his fantasy production even as his passing grade dipped slightly.

He still finished just 28th among quarterbacks in fantasy points per game, ahead of mostly displaced veterans and rookie starters, and Carolina made few meaningful additions to the offense this offseason.

At just 25 years old, Young still has time to develop, and this is a pivotal season for his future in Carolina, but several quarterbacks in his tier have improved their situations more significantly. He is a superflex-only option with little appeal in single-quarterback redraft leagues outside of very deep benches.",Nathan,PPR,PFF 2026 PPR season projections,2026-08-26T14:20:48.803565+00:00
Jaylen Waddle,DEN,WR,221.350,13.021,123.390,319.310,84088,38,18,4,56.7,10,,"Waddle has been a top-15 fantasy wide receiver in his best seasons, and his PFF receiving grade bounced back to 85.2 in 2025. However, the move to Denver raises legitimate concerns about his ceiling. Sean Payton's offenses have historically underutilized smaller receivers, with most who started in his system failing to develop into reliable fantasy starters.

The Broncos also figure to be more run-heavy than the Saints teams Payton coached, with a top-six defense that will frequently keep them in winning positions without needing to throw the ball at a high rate.

The most likely outcome is that Waddle leads the team in targets while Courtland Sutton leads in touchdowns. That makes the former a high-floor WR3 with limited upside unless Denver is forced to throw more than expected.",Nathan,PPR,PFF 2026 PPR season projections,2026-08-26T14:20:48.803565+00:00
Terry McLaurin,WAS,WR,221.210,13.012,123.240,319.170,48229,48,23,5,59.8,7,,"McLaurin broke out to a WR7 finish in 2024 alongside Jayden Daniels, but 2025 was a letdown as injuries to both players and added competition from Deebo Samuel dropped him to 37th among receivers in points per game.

He remains Washington's clear top option entering 2026, and the late addition of Stefon Diggs should be workable given that McLaurin plays X while Diggs has recently worked from the slot and Z. He projects as a WR2 if the offense returns to 2024 form and a WR3 if it struggles.

New coordinator David Blough could move him around the formation more, though Diggs' arrival tempers that, leaving McLaurin more high-risk, high-reward than the safe weekly starter he's been in past years.",Nathan,PPR,PFF 2026 PPR season projections,2026-08-26T14:20:48.803565+00:00
Quinshon Judkins,CLE,RB,220.390,12.964,117.690,323.080,157128,41,18,5,54.7,11,breakout,"Judkins was Cleveland's lead back as a rookie but ran behind one of the league's worst offensive lines, dragging his efficiency to 3.6 yards per carry. The Browns overhauled that line this offseason, and while it may still grade below average, it should be far better than last year's unit.

Judkins is also coming off a season-ending ankle and fibula injury but has been a full participant this offseason and looks on track for Week 1, though there is some question about whether he will be at his usual standard right away.

If he returns to form behind the improved blocking and a larger workload, he profiles as a top-20 back. As long as the second-year rusher stays healthy, his volume alone should make him a trustworthy weekly fantasy starter.",Nathan,PPR,PFF 2026 PPR season projections,2026-08-26T14:20:48.803565+00:00
Jameson Williams,DET,WR,217.970,12.822,120.010,315.940,101701,54,27,6,67.2,6,,"Williams has been a true boom-or-bust receiver in Detroit, capable of huge yardage and touchdown games but prone to disappearing for stretches. That volatility persisted even as his overall production climbed in 2025 thanks to a higher snap rate and a more pass-heavy offense.

Williams has evolved from a pure deep threat into an elite after-the-catch weapon, ranking fourth among high-target receivers in yards after the catch over the last two seasons while doing so from a deeper target depth than the three players ahead of him.

His biggest limitation remains target competition, with Amon-Ra St. Brown, Sam LaPorta and Jahmyr Gibbs all soaking up touches, which keeps Williams right on the WR2/WR3 border. He should be a safe bet for another 1,000-yard season with a handful of touchdowns.",Nathan,PPR,PFF 2026 PPR season projections,2026-08-26T14:20:48.803565+00:00
Carnell Tate,TEN,WR,217.440,12.791,119.470,315.400,170273,67,32,7,78.1,9,rookie,"Tate was a surprise fourth overall pick in April, but the draft capital alone makes him the top dynasty rookie wide receiver and the first rookie wideout off the board in redrafts.

Recent top-10 selections like Ja'Marr Chase, Malik Nabers, Jaylen Waddle and Garrett Wilson all became immediate fantasy contributors. Tate's target share could mirror the 29.

8% Nabers generated in New York given Tennessee's similar receiver setup with Wan'Dale Robinson in the slot under Brian Daboll. The main variable is Cam Ward‘s development as a passer, but Tate has the role and the situation to be a fantasy starter from Day 1.",Nathan,PPR,PFF 2026 PPR season projections,2026-08-26T14:20:48.803565+00:00
Bucky Irving,TB,RB,217.270,12.781,114.580,319.960,144970,44,19,5,53.6,10,,"Irving has quietly become one of the league's most productive running backs over the past two seasons, grading near the top of the position while carrying one of its heaviest workloads.

His ADP took a hit from last season's injuries and an OTA setback, and it hasn't recovered even though he has been fully healthy since.

New offensive coordinator Zac Robinson should help, both by keeping the backs active in the passing game and by spreading goal-line work more evenly than Tampa Bay did last season. As long as he stays healthy, Irving projects as the clear lead back and a reliable fantasy starter even with Gainwell mixing in.",Nathan,PPR,PFF 2026 PPR season projections,2026-08-26T14:20:48.803565+00:00
DJ Moore,BUF,WR,215.280,12.664,117.310,313.240,48267,51,25,6,62.7,7,,"Moore is a remarkably consistent fantasy receiver, having finished top-36 in all eight of his seasons despite subpar quarterback play. A trade to Buffalo now pairs him with Josh Allen, the best quarterback of his career, plus reunites him with Joe Brady, under whom he had some of his best years.

The catch is that Brady spreads the ball around, which has suppressed even his top options. For example, Stefon Diggs‘ yards per game nearly halved after Brady took over, and Moore is coming off across-the-board career lows.

That lands him in the WR3 tier — generally high upside with real risk — though near the top of it given his long history of ending as a WR3 at worst.",Nathan,PPR,PFF 2026 PPR season projections,2026-08-26T14:20:48.803565+00:00
Davante Adams,LAR,WR,213.020,12.531,115.060,310.980,8688,55,28,6,46,11,bust,"Adams has been a fantasy starter for a decade, but at 34 with a steadily declining grade, his top-10 days are likely behind him.

He still finished top 10 in points per game last season, though almost entirely on the back of a league-high 14 touchdowns and a historic 57.4% share of the Rams' end-zone targets, production that rarely repeats year to year.

With touchdown regression likely, a possible smaller role as Terrance Ferguson emerges and modest receptions and yardage underneath, he profiles as a boom-or-bust WR3 whose weekly value hinges on finding the end zone.",Nathan,PPR,PFF 2026 PPR season projections,2026-08-26T14:20:48.803565+00:00
Christian Watson,GB,WR,212.480,12.499,114.520,310.440,66581,52,26,6,95.5,11,,"Watson broke out late last season as clearly the best receiver in a crowded Green Bay room, pairing an elite grade with a WR12 finish over the closing weeks despite missing half the year with a torn ACL.

The Packers have since thinned that room and signed him to a large extension, making him their unquestioned top target with far less competition.

Watson’s ceiling is legitimate WR1 production if he stays healthy, but a long history of knee, hamstring and now ACL injuries keeps the risk high.",Nathan,PPR,PFF 2026 PPR season projections,2026-08-26T14:20:48.803565+00:00
Parker Washington,JAX,WR,210.160,12.362,112.200,308.120,129799,49,24,6,94.6,7,breakout,"Washington broke out late last season, taking over the slot in Liam Coen's offense and posting a strong finish through the playoffs while also displaying the ability to produce on the outside.

He returns to a crowded Jacksonville receiver room but projects as one of the team's top two targets alongside Brian Thomas Jr. Coen's track record with elite fantasy receivers gives him real appeal, but a balanced, run-leaning offense makes Washington more of a boom-or-bust play than a steady weekly producer.",Nathan,PPR,PFF 2026 PPR season projections,2026-08-26T14:20:48.803565+00:00
Colston Loveland,CHI,TE,209.400,12.318,130.780,288.010,158540,46,3,2,45,10,,"Loveland was a rare top-10 pick at tight end. After a slow start, he caught fire late, posting four 90-yard games (including the playoffs) — no other tight end tallied more than three. That surge fueled an 86.

2 PFF receiving grade, among the best at the position. With Chicago thinning its receiver room by moving on from DJ Moore and Olamide Zaccheaus, Loveland should see steadier target volume in a Ben Johnson offense.

He has the talent and upside to finish as the No. 1 tight end, though his production was concentrated over a short window, which makes him more regression-prone than steadier options like Brock Bowers and Trey McBride and keeps him just outside the top tier.",Nathan,PPR,PFF 2026 PPR season projections,2026-08-26T14:20:48.803565+00:00
Tucker Kraft,GB,TE,209.010,12.295,130.400,287.620,104034,58,4,3,89.3,11,,"Kraft was the NFL's most efficient tight end in 2024, leading the position at 9.3 yards per target, but volume held him back. Green Bay leaned on him more in 2025, and his target rate jumped to 19.1% while his 10.

8 yards after the catch per reception set a record for tight ends in PFF's 20 years of charting. He was averaging 14.7 PPR points per game, tied for second among tight ends, before a season-ending ACL injury cut things short.

With Romeo Doubs and Dontayvion Wicks gone and no meaningful additions at receiver, the targets are there for the taking. If Kraft returns to full health, he has a realistic path to a top-three finish in 2026.",Nathan,PPR,PFF 2026 PPR season projections,2026-08-26T14:20:48.803565+00:00
Rome Odunze,CHI,WR,208.220,12.248,110.260,306.190,73774,59,29,7,64.4,10,breakout,"Odunze looked like a budding star through four weeks last season, accumulating five touchdowns and a WR3 pace before a foot injury that first showed up around Week 9 sapped his production (two or fewer catches in five of his next seven games) and eventually cost him the final five games of the regular season.

He returned for the playoffs at limited capacity, and while DJ Moore is now gone, Luther Burden III and Colston Loveland both closed the season as legitimate weapons, obscuring the target hierarchy in 2026. Odunze says his foot feels different but no longer limits him.

He should be part of a clear top three in targets with Burden and Loveland, though the order among them is genuinely uncertain. He carries top-10 upside but real risk of inconsistency, which is the normal range for a player drafted as a WR3.",Nathan,PPR,PFF 2026 PPR season projections,2026-08-26T14:20:48.803565+00:00
Mike Evans,SF,WR,206.640,12.155,108.670,304.600,8642,61,30,7,94,8,bust,"Evans arrives in San Francisco at 33, coming off an injury-marred final season in Tampa Bay but bringing a decade of elite, touchdown-heavy production.

He owns the only secure role in a rebuilt 49ers receiver room, though his snaps could slip in run-first situations as his blocking fades with age.

Evans’ appeal is touchdown volume in a Kyle Shanahan offense that consistently ranks among the best, but his value is contingent on how much playing time he keeps and whether he still dominates red-zone targets.",Nathan,PPR,PFF 2026 PPR season projections,2026-08-26T14:20:48.803565+00:00
Cam Ward,TEN,QB,205.800,12.106,86.420,325.170,133244,218,25,6,169.1,9,,"Ward's rookie year was undercut by injuries and turnover around him, with Calvin Ridley missing most of the season, Tyler Lockett requesting his release and his head coach fired six games in.

He finished strong, though, producing multiple touchdowns in each of his final four full games and his best grades late. A rebuilt supporting cast in Carnell Tate, Wan'Dale Robinson and a healthy Ridley, plus new coordinator Brian Daboll, sets up a cleaner Year 2.

He isn't worth drafting in most single-quarterback redraft leagues but is a strong waiver target with a good start and a worthwhile upside pick in superflex.",Nathan,PPR,PFF 2026 PPR season projections,2026-08-26T14:20:48.803565+00:00
Harold Fannin Jr.,CLE,TE,204.790,12.046,126.170,283.400,163104,64,5,3,75.3,11,,"Fannin was excellent as a rookie, finishing the year as Cleveland's focal point with a top-five PFF receiving grade among high-volume tight ends.

His outlook improves under new head coach Todd Monken, whose offenses have consistently ranked near the top in tight end touchdowns, and his role is now locked in with David Njoku gone.

The main caution is the Browns' investment in receivers KC Concepcion and Denzel Boston, which could pull some targets away. Fannin’s talent and heavy volume give him real upside into the elite tier, but for now, enough tight ends in better offenses with superior quarterbacks rank slightly ahead of him.",Nathan,PPR,PFF 2026 PPR season projections,2026-08-26T14:20:48.803565+00:00
Geno Smith,NYJ,QB,204.520,12.031,85.140,323.900,7820,253,28,6,170.2,13,bust,"Smith returns to where his career began, taking over as the Jets‘ starting quarterback after three productive seasons in Seattle and a disappointing year in Las Vegas. His peak came in 2022, when he finished fifth among fantasy quarterbacks, though his fantasy points per game declined in each of the following seasons.

Last year was another step back, as his passing yards per game dropped by 40 from his 2023 mark following the midseason trade of Jakobi Meyers, a knee injury to Brock Bowers and the firing of offensive coordinator Chip Kelly.

New York's supporting cast, led by Garrett Wilson, Adonai Mitchell and rookies Omar Cooper Jr. and Kenyon Sadiq, is stronger than what he had in Las Vegas but falls short of the prime D.K. Metcalf-Tyler Lockett pairing, and at 36 years old, Smith no longer offers much rushing upside. He is best avoided in single-quarterback redraft leagues and profiles as a safe, low-end QB2 in superflex formats.",Nathan,PPR,PFF 2026 PPR season projections,2026-08-26T14:20:48.803565+00:00
Sam LaPorta,DET,TE,203.550,11.974,124.930,282.160,101690,79,8,4,70.9,6,,"LaPorta has quietly been one of the best non-elite tight ends in football, ranking top 10 in fantasy points per game each of the last two years and top five in touchdowns over three seasons despite a target rate held down by heavy competition from Amon-Ra St. Brown, Jameson Williams and Jahmyr Gibbs.

New coordinator Drew Petzing's track record of funneling targets to tight ends in both Cleveland and Arizona is a real reason to expect LaPorta’s usage to improve.

The swing factor is health, since a string of injuries culminated in offseason back surgery, but he looks on track for Week 1. If he stays healthy, LaPorta has a real shot at climbing into the tight end position's top tier.",Nathan,PPR,PFF 2026 PPR season projections,2026-08-26T14:20:48.803565+00:00
D'Andre Swift,CHI,RB,202.430,11.908,99.730,305.120,57212,45,20,6,64.3,10,,"Swift posted modest RB2 production each of the last two seasons in Chicago. Although better offensive line play helped his per-touch efficiency improve significantly last season, rookie Kyle Monangai cut into his snap share enough that his fantasy points per game barely moved.

Some of that good line play could regress in the short term with starting center Drew Dalman‘s retirement, and added receiver competition for carries is another mild headwind. But Swift still graded clearly better than Monangai as a runner, receiver and pass-blocker, making a real role change unlikely.

If anything, he might see more touches early in the season as Monangai deals with a hyperextended knee. Between his age, workload history and clear edge in skill over his main competition, Swift projects as a low-end RB2 again, about as safe a bet at the position as you'll find beyond the first few rounds.",Nathan,PPR,PFF 2026 PPR season projections,2026-08-26T14:20:48.803565+00:00
David Montgomery,HOU,RB,200.130,11.772,97.430,302.820,45719,65,24,7,69.8,8,bust,"Montgomery has quietly been one of the league's most productive backs over the past two seasons, held back in Detroit only by the presence of Jahmyr Gibbs.

Houston traded for him and revised his contract this offseason, and with minimal backfield competition, he should command a significant workload behind a defense strong enough to keep him in favorable game scripts. The main worry is Houston's run-blocking, which ranked 21st last season, though the Texans made offseason upgrades.

Plus, Montgomery is among the best in the league at creating yards through contact. If he locks in a true lead-back role, he profiles as one of the biggest values relative to his ADP. Even in a committee, he remains a viable starter in most formats.",Nathan,PPR,PFF 2026 PPR season projections,2026-08-26T14:20:48.803565+00:00
Rhamondre Stevenson,NE,RB,198.390,11.670,95.700,301.080,98689,53,22,6,84,11,,"Many fantasy managers wrote Stevenson off after New England drafted TreVeyon Henderson in the second round, but offensive coordinator Josh McDaniels has always run committee backfields, and Stevenson held the clear lead in touches down the stretch last season.

He remains the more physical runner and grades better in short-yardage, goal-line, receiving and pass protection, and the Patriots did nothing this offseason to add real competition.

With his ADP outside the top 30, Stevenson profiles as a robust value, especially if Henderson doesn't take a major leap and the backfield stays split the way it finished last year.",Nathan,PPR,PFF 2026 PPR season projections,2026-08-26T14:20:48.803565+00:00
Travis Etienne Jr.,NO,RB,198.390,11.670,95.700,301.090,57185,50,21,6,43.8,8,,"Etienne lands in New Orleans on a top-of-market contract that locks him in as the starter and should guarantee top-20 volume.

The concern is efficiency: He leaves a mediocre Jacksonville run-blocking unit for a Saints line that ranked 31st, which could push his yards per carry below 4.0.

Plus, Kellen Moore‘s offenses have a consistent track record of suppressing their lead back's receiving numbers. That combination gives him a fairly safe floor as a top-20 back but a capped limit unless the Saints' line and offense take a real step forward.",Nathan,PPR,PFF 2026 PPR season projections,2026-08-26T14:20:48.803565+00:00
Tyler Warren,IND,TE,196.760,11.574,118.150,275.370,129798,68,6,3,50.3,13,,"Warren, the 14th overall pick in 2025, looked like a league winner early, ranking third among tight ends in fantasy points and leading the position in receiving yards through seven weeks.

However, his production cratered over the final 10 weeks as the Colts‘ offense declined, with Daniel Jones‘ passing grade sliding and a midseason quarterback carousel that even included a brief Philip Rivers cameo.

IIf Jones bounces back from his torn Achilles, Warren has elite upside. However, he has significant competition for underneath targets from Josh Downs and Keenan Allen. Even if Jones disappoints, the added targets should lift Warren from 13th over the back half of 2025 into the top 12.",Nathan,PPR,PFF 2026 PPR season projections,2026-08-26T14:20:48.803565+00:00
Kyle Pitts,ATL,TE,193.450,11.379,114.830,272.060,83964,80,9,4,64.9,11,,"Pitts broke out in 2025 with a much larger role, finishing fifth among tight ends in fantasy points per game.

However, a new coaching staff, added competition and quarterback uncertainty cloud his 2026 outlook.

He is worth a top-10 tight end pick with top-five upside, though he could fall outside the top 12 if the new regime doesn't feature him.",Nathan,PPR,PFF 2026 PPR season projections,2026-08-26T14:20:48.803565+00:00
George Kittle,SF,TE,191.400,11.259,131.290,251.520,11901,71,7,4,94.5,8,bust|injury_history,"Kittle is one of fantasy's elite tight ends when healthy, with a top-six finish in points per game in each of the past eight seasons. The problem is the Achilles tear he suffered in the wild-card game, on top of a career-long injury history and an age-33 season ahead.

He's pushing to play Week 1, but returning is not the same as producing, and his slow start after last year's hamstring absence is a useful warning.

Kittle carries the last real overall TE1 potential on the board, but anyone drafting him needs a more stable second option to cover the early weeks.",Nathan,PPR,PFF 2026 PPR season projections,2026-08-26T14:20:48.803565+00:00
D.K. Metcalf,PIT,WR,191.020,11.236,93.050,288.980,47864,76,33,8,86.6,9,,"Metcalf has been a productive receiver his whole career but has slipped from his 2020 peak. His first year in Pittsburgh brought his lowest yardage and receptions since his rookie season, largely because of the offense's low passing volume.

The upside is a scheme change: Arthur Smith is out, and new coach Mike McCarthy has run far more pass-heavy offenses.

The offsets are more target competition after Pittsburgh added Michael Pittman Jr. and two drafted receivers, and an aging Aaron Rodgers could decline further and prompt a more conservative approach. Metcalf is a fine flex option as his offense's top target, but a big production jump from last season is unlikely.",Nathan,PPR,PFF 2026 PPR season projections,2026-08-26T14:20:48.803565+00:00
Travis Kelce,KC,TE,188.420,11.084,109.810,267.030,7844,103,13,5,96.9,5,bust,"Kelce's production has slid from perennial TE1 to the back half of the top 10, but even in a down 2025, he finished ninth among tight ends in points per game and stayed a central part of the offense.

At 37 and unlikely to rebound in efficiency, he still profiles for significant volume given that Kansas City did little to replace its departed pass-catchers, and the return of former coordinator Eric Bieniemy could nudge his target rate up.

Kelce is worth drafting as a starter but as a set-and-forget streamer-plus rather than a top-five option, owning some risk of falling outside the top 12 if age catches up and other borderline options hit.",Nathan,PPR,PFF 2026 PPR season projections,2026-08-26T14:20:48.803565+00:00
Deshaun Watson,CLE,QB,188.260,11.074,68.880,307.640,11767,292,32,7,170.1,11,injury_history,,Nathan,PPR,PFF 2026 PPR season projections,2026-08-26T14:20:48.803565+00:00
Cam Skattebo,NYG,RB,185.370,10.904,82.670,288.060,147787,72,27,7,44,8,injury_history,"Skattebo flashed lead-back ability as a rookie, averaging 19.2 fantasy points per game across a four-start stretch before suffering a season-ending injury in Week 8 that included a dislocated ankle, fractured fibula and ruptured deltoid ligament. New York initially added little competition to the backfield, but the free-agent signing of Najee Harris complicates the outlook.

Harbaugh and Matt Nagy have both leaned on committee backfields, and Harbaugh has a long history of utilizing bigger backs in Baltimore. Skattebo should still lead the Giants in carries and remains the better fantasy option of the two, but Harris adds another obstacle to a true workhorse role.

The bigger issue is Skattebo’s price. He is being drafted ahead of backs such as Bucky Irving, Quinshon Judkins and D'Andre Swift, who either play in better offenses with more secure volume or have clearer paths to workhorse roles.",Nathan,PPR,PFF 2026 PPR season projections,2026-08-26T14:20:48.803565+00:00
Michael Wilson,ARI,WR,184.200,10.835,86.240,282.160,84423,82,34,8,103.4,14,,"Wilson looked squeezed out of Arizona's lineup early last season, but a wave of injuries thrust him into a full-time X role, where he exploded for the second-most PPR points among receivers over the final eight weeks.

New head coach Mike LaFleur has said Wilson will play the Puka Nacua role, and his late-season route profile already began to mirror Nacua's.

He isn't the talent Nacua is, has a lesser quarterback and will cede targets to Trey McBride, so a repeat of that top-five stretch is unlikely. Still, that responsibility should support solid production, making him a weekly flex with WR2 upside if he plays well.",Nathan,PPR,PFF 2026 PPR season projections,2026-08-26T14:20:48.803565+00:00
TreVeyon Henderson,NE,RB,184.190,10.835,81.500,286.890,145059,73,28,7,78.2,11,,"Henderson flashed real upside as a rookie, including a dominant two-week stretch. But Josh McDaniels has a long history of splitting his backfield, and Rhamondre Stevenson graded better as a runner, receiver and pass-blocker.

With no meaningful offseason additions to the backfield, the likeliest outcome is another committee in which Stevenson leads and Henderson's value spikes mainly in blowouts.

The upside case is that Henderson improves as a pass protector and takes over the passing-down work, which could make both backs startable or even push Henderson into weekly must-start territory.",Nathan,PPR,PFF 2026 PPR season projections,2026-08-26T14:20:48.803565+00:00
Bhayshul Tuten,JAX,RB,183.920,10.819,81.230,286.620,150568,70,26,7,72.7,7,,"Tuten showcased efficiency as a rookie with strong yards-after-contact, first-down and avoided-tackle rates, and his poor yards-before-contact mark points to bad run-blocking rather than his own play.

The concern is volume: Jacksonville replaced Travis Etienne with the statistically similar Chris Rodriguez, and all signs point to a three-man rotation with LeQuint Allen.

Tuten is the likeliest fantasy option of the group, but the range of outcomes is wide, and this could be a pass-first offense that splits carries evenly enough that no back is weekly-reliable. He is going as a low-end RB2, a price that carries real risk.",Nathan,PPR,PFF 2026 PPR season projections,2026-08-26T14:20:48.803565+00:00
Marvin Harrison Jr.,ARI,WR,181.350,10.668,83.380,279.310,145056,83,35,8,85.6,14,,"Harrison entered the league as a heralded prospect but has been an inconsistent, touchdown-dependent producer across two seasons, finishing as WR30 and 27th in PPR points while never breaking out the way his draft billing suggested.

His quarterback situation doesn't fully explain it, since his per-game production was identical with Kyler Murray and Jacoby Brissett, and an injury-marred stretch last season saw Michael Wilson outproduce anything Harrison has managed.

New coach Mike LaFleur plans to use Harrison in the Davante Adams role, a stylistic change from his current route profile that could either unlock him or leave him with Adams' modest volume and fewer touchdowns. He is best viewed as a high-risk, high-reward flex option.",Nathan,PPR,PFF 2026 PPR season projections,2026-08-26T14:20:48.803565+00:00
Tony Pollard,TEN,RB,179.690,10.570,77.000,282.390,27126,99,34,8,106.5,9,bust,"Pollard is one of two running backs with four straight 1,000-yard rushing seasons. Despite average rate stats on the surface, his 3.3 yards after contact per carry over the last four years ties for fourth among backs with at least 500 carries, suggesting a talented runner held back by his situation rather than a mediocre one.

The good news for 2026 is the Titans passed on Jeremiyah Love at fourth overall to take wide receiver Carnell Tate, and their only backfield additions being Michael Carter and fifth-round rookie Nicholas Singleton. If everything stays the same, Pollard profiles as a low-end RB2, but there is real upside if the offense improves, with Peter Skoronski and JC Latham still developing up front and Cam Ward showing meaningful late-season growth in his rookie year.

A few more touchdowns alone would push Pollard into mid-range RB2 territory, and a better offensive line on top of that would bring him closer to a top-10 fantasy back. However, the first two preseason games made the backfield look more split than it had been in the past two seasons, with Tyjae Spears playing more snaps with the starters than Pollard.",Nathan,PPR,PFF 2026 PPR season projections,2026-08-26T14:20:48.803565+00:00
Rico Dowdle,PIT,RB,179.270,10.545,76.580,281.960,40693,69,25,7,103.7,9,,"Dowdle parlayed a breakout stretch as Carolina's starter into a Pittsburgh contract, reconnecting with Mike McCarthy, his head coach for five seasons in Dallas.

He steps into a genuine timeshare with Jaylen Warren, who grades out as the better back, especially as a receiver, though the rushing gap is narrow.

The likeliest outcome is a committee, possibly with Dowdle leaning early-down and Warren on passing downs, and the familiarity with McCarthy could tilt usage Dowdle’s way. He is worth a selection among the top 30 running backs, since most scenarios leave him a flex option at worst and a weekly RB2 at best.",Nathan,PPR,PFF 2026 PPR season projections,2026-08-26T14:20:48.803565+00:00
Brian Thomas Jr.,JAX,WR,177.710,10.454,79.750,275.670,146760,66,31,7,102.9,7,breakout,"Thomas exploded as a rookie, finishing fourth among receivers in total PPR points, but his production dipped in year two as Travis Hunter pushed him out of the slot, his average depth of target climbed and his target rate fell.

Thomas enters this season with the same coach and quarterback, a role that is not expected to change and clear signs of improved chemistry with Lawrence from OTAs and training camp.

He is a strong bounce-back candidate, aided by likely positive touchdown regression, though a deep Jacksonville receiving group makes him a boom-or-bust play week to week. The likeliest outcome is a much stronger third season, even if the raw numbers fall short of his rookie totals.",Nathan,PPR,PFF 2026 PPR season projections,2026-08-26T14:20:48.803565+00:00
Dalton Kincaid,BUF,TE,176.370,10.375,97.760,254.980,91791,81,10,5,131.7,7,,"Kincaid ranks sixth in PFF receiving grade, first in target rate and second in yards after the catch per reception among tight ends with at least 400 routes over the past two seasons. Only George Kittle slots ahead of him in yards per route run, making him one of the most talented receiving tight ends in the league when healthy.

The problem is that Kincaid has played just 12 games at 37.6% of offensive snaps on average over the past two seasons due to a torn PCL. While he has opted against surgery on doctors' advice and says he feels significantly better, the Bills' coaching staff has publicly acknowledged ongoing uncertainty about his week-to-week availability.

In his favor, Kincaid owns one of the strongest quarterback situations among fantasy tight ends outside the elite tier, paired with Josh Allen in an offense that added DJ Moore but should otherwise remain intact. If healthy, his ceiling is among the top fantasy tight ends, but pairing him with a safer secondary option is essentially required given the durability concerns.",Nathan,PPR,PFF 2026 PPR season projections,2026-08-26T14:20:48.803565+00:00
Jadarian Price,SEA,RB,176.340,10.373,73.650,279.040,156985,75,30,8,76.1,11,rookie,"Price was the second-best running back in the 2026 class despite limited collegiate experience as a backup.

Seattle's run-heavy offense with 439 carries last season gives him a clear path to immediate starter volume after the Seahawks lost Kenneth Walker III in free agency and Zach Charbonnet to an ACL injury in the playoffs.

The concern is that Seattle's backfield split last season made neither Walker nor Charbonnet fully trustworthy in fantasy, and Price's lack of receiving experience could keep him in a similar early-down role even if he leads the team in carries.",Nathan,PPR,PFF 2026 PPR season projections,2026-08-26T14:20:48.803565+00:00
Mark Andrews,BAL,TE,175.610,10.330,97.000,254.230,47436,93,11,5,121,13,,"Andrews was a must-start tight end for six straight seasons but slipped to 24th in points per game last year, hurt by fewer receptions, only five touchdowns and a dip in efficiency that was partly tied to Lamar Jackson‘s injury.

His 2026 outlook is brighter: With Isaiah Likely and Charlie Kolar both gone, Andrews’ playing time should climb notably, and a new coaching staff has already labeled him a focal point of the offense.

He should be the clear second target-earner in one of the league's most promising offenses, with real bounce-back potential. Given Andrews’ heavily discounted ADP, he's a strong value with top-five upside if the decline doesn't continue.",Nathan,PPR,PFF 2026 PPR season projections,2026-08-26T14:20:48.803565+00:00
Michael Pittman Jr.,PIT,WR,175.450,10.321,77.490,273.410,29049,85,37,8,91.1,9,,"Pittman is coming off a down year, hampered by a 2024 back injury and then squeezed in 2025 by Indianapolis' emerging pass-catchers. A trade to Pittsburgh gives him a fresh start.

The scheme change helps: New coach Mike McCarthy runs a pass-heavier offense than Arthur Smith did, and the underneath, possession profile McCarthy has historically fed profiles more like Pittman than D.K. Metcalf.

The risks are a 42-year-old Aaron Rodgers who could decline further and a possible push from rookie Germie Bernard for the second receiver job. Pittman is a flex option with upside as Pittsburgh's top target, but genuine downside if he slides to a rotational role.",Nathan,PPR,PFF 2026 PPR season projections,2026-08-26T14:20:48.803565+00:00
Wan'Dale Robinson,TEN,WR,175.370,10.316,77.410,273.330,101735,144,54,10,113.9,9,,"Robinson broke out as a high-volume slot receiver in New York, setting a career high in yards per route run in 2025 after Malik Nabers‘ injury opened up a bigger role.

He followed play-caller Brian Daboll to Tennessee on a four-year deal, which is a plus for his usage, but he lands in a far more crowded receiver room than he had with the Giants.

With rookie Carnell Tate, Calvin Ridley and others ahead of or alongside him, Robinson’s role could shrink back to slot-only work, hindering both his routes and his target rate. Robinson should see enough volume to be a weekly flex, but his upside is constricted as long as the rest of the group stays healthy.",Nathan,PPR,PFF 2026 PPR season projections,2026-08-26T14:20:48.803565+00:00
Chris Godwin,TB,WR,174.950,10.291,76.980,272.910,11839,87,38,8,143,10,,"Godwin was on his way to a career year in 2024, ranking second among receivers in points per game in Liam Coen's offense before a dislocated ankle ended his season, and the injury lingered into a limited 2025.

He returns to a crowded Tampa Bay receiver room, but the offense should resemble the 2024 version that suited him, now run by Coen disciple Zac Robinson. The catch is target competition, especially from emerging second-year man Emeka Egbuka, which gives Godwin an unusually wide range of outcomes.

He could be the team's most talented and experienced receiver or slip to third or fourth in the pecking order, so his fantasy value hinges on how the rotation sorts out.",Nathan,PPR,PFF 2026 PPR season projections,2026-08-26T14:20:48.803565+00:00
Isaiah Likely,NYG,TE,174.790,10.282,96.180,253.410,83955,122,16,6,127.6,8,,"Likely has been an efficient but low-volume tight end, buried behind Mark Andrews in Baltimore yet posting elite per-target grades. He reunites with John Harbaugh in New York on a top-six tight end contract and walks into real opportunity.

Jaxson Dart targets tight ends far more than the Giants' other quarterbacks did, and Malik Nabers‘ uncertain ACL recovery could open a path for Likely to lead the team in targets.

If Likely’s efficiency holds on a much larger workload, he has legitimate top-tier ability, making him a borderline starter and an ideal target for managers who wait at tight end. However, in the first preseason game, he was part of a rotation in 11 personnel. If that carries on into the regular season, that immediately puts a ceiling on his potential.",Nathan,PPR,PFF 2026 PPR season projections,2026-08-26T14:20:48.803565+00:00
Jake Ferguson,DAL,TE,173.720,10.219,95.110,252.330,61081,149,21,7,111.3,14,,"Ferguson has been Dallas' primary tight end for three seasons, making two Pro Bowls and finishing 10th, 24th and 10th in fantasy points per game. His value is tied to CeeDee Lamb‘s absence, as he was the top tight end in football from Weeks 3 to 8 last season at 16.

1 PPR points per game while Lamb was hurt, then fell to 8.3 once the offense was whole. Ferguson’s 60.0 PFF receiving grade ranked fourth-lowest among 29 tight ends with at least 300 routes run, which would normally put a job at risk.

However, Dallas added no tight end help beyond undrafted free agents and brings back the same coaches, quarterback and target competition, so his role is secure. Ferguson is a safe low-end starter or high-end backup whose floor beats most tight ends at a similar ADP, even if he risks finishing outside the top 12 without enough touchdowns.",Nathan,PPR,PFF 2026 PPR season projections,2026-08-26T14:20:48.803565+00:00
Jaylen Warren,PIT,RB,172.660,10.156,69.970,275.350,98692,74,29,7,98.1,9,,"Warren has steadily grown his role in Pittsburgh since going undrafted in 2022, grading out ahead of both Najee Harris and now Rico Dowdle.

His 2026 outlook is cloudier with Mike McCarthy taking over as head coach and bringing in Dowdle, setting up a committee in which the rushing bridge is narrow but Warren holds a clear edge as a receiver.

A split is the likeliest outcome, possibly orienting Warren toward passing downs, though the backfield could break either way. He is worth a selection among the top 30 running backs, since most scenarios leave him a flex option at worst and a weekly RB2 at best.",Nathan,PPR,PFF 2026 PPR season projections,2026-08-26T14:20:48.803565+00:00
Josh Downs,IND,WR,171.290,10.076,73.330,269.260,122832,88,39,9,135.2,13,sleeper,"Downs has been quietly excellent across his first three seasons as the Colts' slot receiver, earning an 82.5 PFF grade and ranking among the top 30 in yards per route run. The catch for fantasy has been usage: Stuck in 11 personnel behind Alec Pierce and Michael Pittman Jr., he played just 58.

7% of snaps last season, well below the 80%-plus that most startable receivers see. After Indianapolis traded Pittman to Pittsburgh, Downs was bumped to second on the depth chart, and general manager Chris Ballard has publicly endorsed a bigger role.

His upside took a hit when the Colts signed Keenan Allen, but Allen is 34 and only played 55% of snaps last season. We could see Downs play outside in 12 personnel and in the slot in 11, with Allen joining for 11 personnel only. Downs will likely remain a value at his ADP given good quality of play in the past, and likely increase in playing time.",Nathan,PPR,PFF 2026 PPR season projections,2026-08-26T14:20:48.803565+00:00
Courtland Sutton,DEN,WR,170.910,10.054,72.950,268.870,48164,126,50,9,80,10,,"Sutton has been Denver's top receiver and a touchdown machine under Sean Payton, tallying the sixth-most receiving scores in the league over the past three seasons.

The question is a crowded room: The Broncos traded for Jaylen Waddle and still have three young receivers they've invested in, and Payton has a long history of rotating the position.

At 31 with a strong grade chasm behind Waddle and a rookie in Pat Bryant capable of pushing him at X, Sutton's volume could erode, and Denver may move on after the season. He remains a touchdown-dependent flex option, with his outlook tied largely to how the rotation shakes out.",Nathan,PPR,PFF 2026 PPR season projections,2026-08-26T14:20:48.803565+00:00
Alec Pierce,IND,WR,170.870,10.051,72.910,268.830,78038,121,49,9,101.6,13,,"Pierce broke out in 2025 with 1,003 yards and six touchdowns despite only 51 of his 83 targets being catchable. Those numbers were a product of his 20.1-yard average depth of target.

He finished as WR27 with seven top-24 weeks but also four outside the top 50, illustrating the boom-or-bust nature of a deep-target receiver with a modest target rate. Pierce’s four-year, $116 million contract extension signaled an increased role in the offense, but Pierce has spent training camp on the PUP.

The Colts signed Keenan Allen to replace Michael Pittman Jr., giving Indianapolis a third underneath target joining Josh Downs and Tyler Warren. It's unlikely Pierce will see a significantly increased role after the addition of Allen, leaving him as a high-risk, high-reward target once he is healthy.",Nathan,PPR,PFF 2026 PPR season projections,2026-08-26T14:20:48.803565+00:00
Makai Lemon,PHI,WR,170.500,10.029,72.540,268.460,174150,106,46,9,142.1,10,rookie,"Lemon is an undersized but heavily slot-tested rookie who should immediately become Philadelphia's primary slot receiver, working behind DeVonta Smith on the outside and likely seeing more targets than Dontayvion Wicks despite less raw playing time.

The fit isn't perfect, since the Eagles have historically been one of the league's lightest slot-target offenses and new coordinator Sean Mannion‘s history is only average to slightly below in that department, but some uptick from recent years is still expected.

As a run-heavy team's likely second receiving option as a rookie, Lemon's ceiling depends on quickly proving he belongs, though A.J. Brown and Smith's recent top-20 finishes show real upside exists in this passing game if he gets there. The first-round pick profiles as a high-risk, high-reward low-end WR3 or high-end WR4 for his rookie season.",Nathan,PPR,PFF 2026 PPR season projections,2026-08-26T14:20:48.803565+00:00
Jayden Reed,GB,WR,170.450,10.026,72.480,268.410,78171,90,41,9,125.3,11,sleeper,"Reed has been one of the most productive slot receivers in the league over the past three seasons, but his fantasy value has been capped by Green Bay's refusal to use him in two-receiver sets, a low 11-personnel rate and run-heavy game scripts in wins.

A collarbone and foot injury wiped out most of his 2025. The reason for optimism is that Green Bay thinned its outside depth by moving on from Dontayvion Wicks and Romeo Doubs without acquiring a notable replacement, which could earn Reed more two-receiver-set snaps.

That gives him a path to a more reliable flex role, with definite potential if Matthew Golden or Christian Watson falters.",Nathan,PPR,PFF 2026 PPR season projections,2026-08-26T14:20:48.803565+00:00
Xavier Worthy,KC,WR,169.340,9.961,71.370,267.300,144718,97,43,9,122.8,5,,"Worthy flashed real promise as a rookie once the Chiefs moved him into the slot, closing the year strong through the playoffs. However, his 2025 was derailed by a Week 1 shoulder injury he played through all season and only had surgery on afterward.

That context reframes his down year, and the Chiefs signaled continued faith by moving on from Hollywood Brown and JuJu Smith-Schuster without adding meaningful competition. Still very young and now paired with new coordinator Eric Bieniemy, whose offense historically centers around a Tyreek Hill-type speedster, Worthy has a clear path to leading Kansas City in receiving.

He re-sprained his shoulder at the start of training camp, causing him to miss most of camp, and lowering Worthy's floor this season. He profiles as a flex option if healthy with top-10 upside if he becomes the Chiefs’ top weapon.",Nathan,PPR,PFF 2026 PPR season projections,2026-08-26T14:20:48.803565+00:00
Jonathon Brooks,CAR,RB,168.330,9.902,65.640,271.030,144721,63,23,6,116.1,5,sleeper|injury_history,"Brooks entered the league as the top running back of the 2024 class with no clear weaknesses in his profile, but two ACL tears in the same right knee wiped out most of two seasons.

Carolina shut him down for all of 2025 to protect him and didn't meaningfully replace Rico Dowdle, a sign the team is counting on him. The initial thought is Brooks could be eased in and then eventually earn the starting job.

Chuba Hubbard suffered a hamstring injury in the middle of training camp, which further opens the door for Brooks to take the starting job, leading to his ADP to quickly rise. He should remain a steal in home leagues as long as his ADP is slow to adjust, but it's hard to know how valuable he will be until his ADP stabilizes.",Nathan,PPR,PFF 2026 PPR season projections,2026-08-26T14:20:48.803565+00:00
Quentin Johnston,LAC,WR,168.050,9.885,70.080,266.010,123085,84,36,8,137.8,7,breakout,"Johnston has been a boom-or-bust, touchdown-dependent receiver through two seasons, pairing occasional big games with long stretches of minimal production. He finished just 39th in points per game last year despite scoring eight touchdowns.

The optimism for 2026 comes from new offensive coordinator Mike McDaniel, whose speed-based scheme fits Johnston's play style well and could lower his average depth of target enough to lift his catch rate and efficiency.

The offset is target volume, with Los Angeles investing in the run game and tight ends as well as carrying other promising receivers in Ladd McConkey and Tre Harris. The likeliest outcome is another frustrating, touchdown-reliant flex, though a real leap into weekly-starter territory is on the table.",Nathan,PPR,PFF 2026 PPR season projections,2026-08-26T14:20:48.803565+00:00
Stefon Diggs,WAS,WR,165.520,9.736,67.560,263.480,9579,89,40,9,127,7,bust,"Diggs was elite in his prime and remains highly efficient, ranking fifth among receivers in yards per route run last season while playing barely half of New England's snaps. The Patriots moved on anyway, trading for A.J. Brown and signing Romeo Doubs, with offseason legal issues likely factoring in.

Diggs signed with the Washington Commanders during training camp, where he instantly became the second wide receiver option behind Terry McLaurin. It's unlikely his target rate will be as high with McLaurin on the roster, and less probable he will see as accurate of passes from Jayden Daniels as he saw from Drake Maye.

Diggs' age is also a risk, as he will be 33 before the season starts. The second preseason game suggested Diggs will only play in 11 personnel, so his snap rate will be similar to last season. Still, his talent mixed with a decent target rate can still make him a flex option, or potentially a weekly starter if all goes well.",Nathan,PPR,PFF 2026 PPR season projections,2026-08-26T14:20:48.803565+00:00
Jalen Coker,CAR,WR,165.000,9.706,67.030,262.960,143068,148,55,10,159.7,5,,"Coker went from undrafted out of Holy Cross to a real role in Carolina, grading noticeably better than Xavier Legette in each of his two seasons and closing 2025 with two strong, high-snap games in the finale and wild-card round.

The Panthers gave him a three-year extension they didn't have to, all but locking in a full-time role.

He is worth a late-round flier in case Carolina's offense improves enough to support a second fantasy-relevant receiver alongside Tetairoa McMillan.",Nathan,PPR,PFF 2026 PPR season projections,2026-08-26T14:20:48.803565+00:00
KC Concepcion,CLE,WR,164.570,9.681,66.610,262.530,170362,104,45,9,144.7,11,sleeper|rookie,"Concepcion enters the NFL as a quick, versatile receiver who lined up all over the formation at Texas A&M, drawing a player comparison to Luther Burden III.

He was placed in arguably the best possible spot for early volume: Cleveland had the league's biggest receiver need and returns essentially the same room that posted the lowest team PFF receiving grade in football, with Jerry Jeudy the only holdover who topped 25 catches last year.

New head coach Todd Monken arrives from Baltimore, where Zay Flowers anchored the passing game, and Concepcion is the closest thing the Browns have to that role. That gives the rookie a real path to leading the team in targets and strong near-term upside, though his long-term outlook is cloudier with more receiver investment likely coming.",Nathan,PPR,PFF 2026 PPR season projections,2026-08-26T14:20:48.803565+00:00
Dallas Goedert,PHI,TE,164.350,9.668,85.730,242.960,47272,127,17,6,98.3,10,,"Goedert has been a reliable fantasy tight end for years, finishing top 12 in points or points per game every season since his second, mostly on volume that gave him a high floor and low ceiling. His 2025 campaign was the worst of his career by most measures, with career lows in PFF receiving grade (69.7), yards per game (39.4), yards per reception, yards after catch and big-play rate.

Goedert stayed fantasy-relevant only because of a career-high 11 receiving touchdowns, but that total rests on extreme outliers: Eight came inside the 6-yard line (tied for the most by a tight end in 20 years) and five arrived via shovel passes and wide screens (more than double any tight end over that span), which makes heavy regression likely.

With the Eagles drafting Eli Stowers to cut into his snaps and Sean Mannion taking over as offensive coordinator, Goedert will need both a bounce-back in quality of play and continued scheme help to avoid sliding into bye-week fill-in territory.",Nathan,PPR,PFF 2026 PPR season projections,2026-08-26T14:20:48.803565+00:00
Kenneth Gainwell,TB,RB,161.160,9.480,58.470,263.850,77737,105,36,8,117.4,10,,"Gainwell broke out as a receiving back in Pittsburgh last season, ranking fifth among running backs in receiving yards and fourth in receptions while flashing standalone value in two starts.

He moved to Tampa Bay this offseason, where his target rate should land between his Philadelphia and Pittsburgh levels. Gainwell’s fantasy value relies on more than the receiving role: The real potential is overtaking Bucky Irving, as Irving did not appear to be the same player last season after his injuries.

Gainwell is best viewed as one of the top handcuffs available, thanks to his quality play and elevated odds of seizing the starting job.",Nathan,PPR,PFF 2026 PPR season projections,2026-08-26T14:20:48.803565+00:00
Rashid Shaheed,SEA,WR,158.780,9.340,60.820,256.750,63707,102,44,9,154.7,11,,"Shaheed has built a career as an explosive, boom-or-bust deep threat, with big plays and touchdowns offset by frequent quiet games, and a meniscus tear ended his 2024 early.

A 2025 trade sent him to Seattle to reunite with coordinator Klint Kubiak, though his role and average depth of target dipped there.

The Seahawks changed coordinators again but signed him long-term, and there is real buzz he could leap Cooper Kupp to become the clear second option behind Jaxon Smith-Njigba. He is a high-upside late-round pick, with the bonus that his fantasy outlook should clarify within the first month or two.",Nathan,PPR,PFF 2026 PPR season projections,2026-08-26T14:20:48.803565+00:00
J.K. Dobbins,DEN,RB,157.150,9.244,54.450,259.840,57366,101,35,8,116.4,10,injury_history,"Dobbins has been highly effective everywhere he has played with a career 5.2 yards-per-carry mark, and he enters the season atop Denver's depth chart.

The catch is volume and health: The Broncos added Jonah Coleman and can lean more on R.J. Harvey. Dobbins’ carries should shrink, and a long injury history has cost him significant time in nearly every season.

His upside is capped because Denver has shown it will spread the backfield around rather than funnel work to one back. That leaves him a solid but low-ceiling flex option when healthy.",Nathan,PPR,PFF 2026 PPR season projections,2026-08-26T14:20:48.803565+00:00
Denzel Boston,CLE,WR,156.980,9.234,59.020,254.950,162481,140,53,10,165.9,11,rookie,"Boston improved each year at Washington and profiles as an X receiver who has also found success in limited snaps elsewhere, with his hands and competitive toughness rated as his best traits.

Cleveland took him 39th overall, not long after KC Concepcion, and the two fit together well since Concepcion projects more as a Z or slot option, with Jerry Jeudy also more experienced inside. The likeliest outcome is that those three lead the position in playing time, with Isaiah Bond the main threat to push Boston to fourth.

New head coach Todd Monken is a mixed signal, since X receivers didn't produce much for him in Baltimore, but he was the Tampa Bay coordinator during Mike Evans' only 1,300-yard seasons. Boston is a strong late-round option who probably shouldn't start early, though the upside is real on a team that may need to throw often.",Nathan,PPR,PFF 2026 PPR season projections,2026-08-26T14:20:48.803565+00:00
Chuba Hubbard,CAR,RB,156.890,9.229,54.200,259.580,57373,109,38,8,122.1,5,,"Hubbard has outlasted a steady stream of backfield competition in Carolina, including D'Onta Foreman, Miles Sanders and Rico Dowdle, and his 2024 campaign brought career highs across the board. Last season was a step back, as a declining grade and strong stretches from Dowdle pushed him into a backup role for much of the second half.

Dowdle is gone, but Jonathon Brooks is back after two ACL tears cost him nearly all of his first two seasons, and a training camp hamstring injury for Hubbard gives Brooks extended time with the starters this preseason.

That makes him a calculated risk worth taking, especially for managers who need early-season running back help, and his slipping ADP could turn him into a late-round value.",Nathan,PPR,PFF 2026 PPR season projections,2026-08-26T14:20:48.803565+00:00
Deebo Samuel,SF,WR,156.780,9.222,58.820,254.750,48274,150,56,10,130.5,8,,"A second-round pick in 2019, he authored one of the most unusual fantasy seasons in NFL history in 2021, finishing as a top-five wide receiver as a downfield weapon for half the year and as a part-time running back for the other half.

Every season since has been a strong start followed by injuries, including last year in Washington, where he was WR7 through five weeks before a heel problem and Jayden Daniels‘ absence dropped him to 33rd in points per game.

San Francisco brought him back this offseason, and Ricky Pearsall‘s surgery and move to injured reserve clears the way for him to reclaim the Z role. He is worth a mid-to-late-round pick and should start weekly when healthy, which has always been the question.",Nathan,PPR,PFF 2026 PPR season projections,2026-08-26T14:20:48.803565+00:00
Matthew Golden,GB,WR,156.540,9.208,58.580,254.500,156165,94,42,9,102.4,11,,"Golden was thrust into significant playing time as a rookie thanks to a steady stream of injuries around him, bouncing from Z to the slot to a late-season X rotation with Romeo Doubs as the receiving corps shuffled.

With Doubs and Dontayvion Wicks both gone and Green Bay notably skipping the position in the draft, Golden enters 2026 as the starting X receiver alongside Christian Watson and Jayden Reed.

He may open the season lower in the target pecking order, but durability concerns up and down Green Bay's skill positions, including Tucker Kraft, Josh Jacobs and the injury-prone Watson, give him a real path to a bigger role if the injuries continue.",Nathan,PPR,PFF 2026 PPR season projections,2026-08-26T14:20:48.803565+00:00
Romeo Doubs,NE,WR,156.510,9.206,58.550,254.470,84329,118,48,9,151.1,11,,"Doubs has long been a borderline redraft receiver as a steady, touchdown-capable option who finished 45th in points per game last season, and a move to New England clouds his role.

He is likely to land in a Stefon Diggs-type job, some Z and some slot, behind an X group that now includes A.J. Brown and Kyle Williams.

However, Doubs’ sizable contract suggests the Patriots will give him a real shot. That makes him a fine late-round flex, particularly valuable as a safer complement for anyone who has taken several risks at receiver.",Nathan,PPR,PFF 2026 PPR season projections,2026-08-26T14:20:48.803565+00:00
Jakobi Meyers,JAX,WR,156.070,9.181,58.110,254.030,47468,136,51,10,113.1,7,,"Meyers has been a quietly reliable receiver for years, climbing to a WR19 finish in 2024 before a midseason trade to Jacksonville and a dip to WR32 in 2025.

He took over as the Jaguars' Z receiver down the stretch and led their wideouts in routes and receptions, though Parker Washington outproduced him.

Meyers’ best case is a full offseason in the offense pushing him toward a top-20 finish, but the path is muddied: A returning Travis Hunter, a rising Washington, positive camp buzz around others and more two-tight-end sets all threaten his playing time. The likeliest outcome is a flex option rather than a weekly must-start.",Nathan,PPR,PFF 2026 PPR season projections,2026-08-26T14:20:48.803565+00:00
Jordan Mason,MIN,RB,155.400,9.141,52.700,258.090,62946,98,33,8,139.7,6,sleeper,"Since 2022, Mason ranks third among running backs with at least 300 carries in yards per carry, yards after contact per carry and first down or touchdown rate. He is the only back in that group with a positive grade on over half of his runs, making him one of the most efficient runners in the league.

Mason averaged 14.5 PPR points per game in his four starts last season with Minnesota, and with Aaron Jones now 31 and having missed at least five contests in two of the last three seasons, Mason is likely to be the primary back for some stretch of 2026.

A healthier offensive line and the addition of Kyler Murray at quarterback should push Minnesota from 26th in scoring toward the top half of the league, which would directly benefit Mason through more goal-line opportunities and more fourth-quarter running. He is one of the top handcuff options in fantasy drafts, with real standalone value even if Jones stays healthy.",Nathan,PPR,PFF 2026 PPR season projections,2026-08-26T14:20:48.803565+00:00
Jauan Jennings,MIN,WR,154.460,9.086,56.500,252.430,48027,181,70,11,170.9,6,,"Jennings spent years buried in San Francisco's slot before injuries to others gave him a bigger role, and he flashed real ability across 2024 and 2025, including a stretch of eight touchdowns in eight weeks, while gutting through a brutal list of injuries.

He signed a one-year prove-it deal with Minnesota, where he'll likely open as the third receiver but has graded better than Jordan Addison over the past three seasons and could push into two-receiver sets. New quarterback Kyler Murray‘s low average depth of target suits Jennings' underneath game more than Addison's downfield profile.

However, in the first preseason game, Addison played in the slot while Jennings lined up as the Z receiver in 11 personnel. He's an intriguing late-round target with real upside if the offense clicks and he clicks with Murray. He also has a low floor, as he could fall to fourth on the depth chart.",Nathan,PPR,PFF 2026 PPR season projections,2026-08-26T14:20:48.803565+00:00
Chigoziem Okonkwo,WAS,TE,153.950,9.056,75.340,232.560,84000,100,12,5,169.8,7,,"Okonkwo has been one of the most efficient tight ends in football on a per-route basis over four years in Tennessee, especially after the catch, but limited routes and a near-total absence near the goal line (two targets inside the 5 in four years) have kept him at TE21 each of the last three seasons.

Washington made him its second-biggest skill-position investment this offseason, handing Okonkwo Zach Ertz‘s old role in an offense where Ertz was a top-10 tight end as recently as 2024. Okonkwo is expected to see more playing time than he had in Tennessee or than Ertz had in Washington, as Okonkwo played 12 of 14 snaps in the Commanders second preseason game.

With little proven wide receiver depth beyond Terry McLaurin and Stefon Diggs, Okonkwo looks like a safe bet for the third-most targets on the team. That gives him a strong floor as a low-end TE2, with his TE1 upside depending mostly on how good Washington's offense is overall and whether a few more touchdowns sneak in despite his lack of size near the end zone.",Nathan,PPR,PFF 2026 PPR season projections,2026-08-26T14:20:48.803565+00:00
RJ Harvey,DEN,RB,153.610,9.036,50.910,256.300,99622,107,37,8,138.3,10,,"Harvey entered the league with real hype as a receiving back in Sean Payton's system, but a crowded backfield kept him a fantasy non-factor until J.K. Dobbins‘ season-ending injury handed him the lead role. He produced when given volume, averaging 15.

2 PPR points per game down the stretch to rank 13th among backs, though his efficiency was poor. Harvey’s 2026 outlook is wide open: The Broncos added Jonah Coleman to a committee where playing time will follow performance.

The second-year rusher could climb into top-20 territory, especially if the often-injured Dobbins goes down again, or fade into an occasional receiving role if Coleman impresses.",Nathan,PPR,PFF 2026 PPR season projections,2026-08-26T14:20:48.803565+00:00
Brenton Strange,JAX,TE,153.240,9.014,74.620,231.850,101694,115,14,6,167.9,7,,"Strange took over as Jacksonville's starter after outplaying Evan Engram. When healthy, he produced at a fantasy-starter level, averaging 11.1 PPR points per game over a seven-game stretch to rank 12th among tight ends.

Rookie second-round pick Nate Boerkircher was added mainly to handle blocking and free up Strange as a receiver, and the latter held up as a starter last season even with most of a talented receiver room healthy.

His ceiling is capped by that receiver depth, so a top-five finish is unlikely. But his ADP is that of a mid-range backup, making Strange a strong value with borderline-starter potential given his talent and quarterback.",Nathan,PPR,PFF 2026 PPR season projections,2026-08-26T14:20:48.803565+00:00
Eddy Pineiro,SF,PK,151.640,8.920,79.190,224.080,44140,206,7,3,149.4,8,,"Pineiro ranked fifth among kickers in fantasy points per game last season at 10.0 among those who played double-digit games. He was highly accurate at 96.6% on field goals, though that figure is likely to regress.

The good news is that the San Francisco 49ers were one of the league's most conservative teams in typical go-for-it situations, which should keep his attempt volume high.

His success will depend on the quality of the 49ers’ offense around him, which has already lost a wide receiver for the season and is dealing with other injuries in training camp.",Nathan,PPR,PFF 2026 PPR season projections,2026-08-26T14:20:48.803565+00:00
Tre Tucker,LV,WR,151.540,8.914,53.570,249.500,101106,164,62,11,168.1,13,,"Tucker climbed to the top of the Raiders' depth chart by attrition, finishing 38th in fantasy points last season, though his production leaned on a single monster game and he cleared 50 yards just four times.

The bull case is accuracy: As a deep threat, he was badly served by a quarterback room that ranked second-worst on deep and intermediate throws, and both Kirk Cousins and Fernando Mendoza represent significant upgrades.

He also faces new competition in Jalen Nailor and second-year receivers Jack Bech and Dont'e Thornton Jr. The first game of the preseason suggested his role as the team's Z receiver remains secure and the second preseason game confirmed he remains the top wide receiver on the depth chart. He is a fine late-round pick with a path to being the No. 2 option behind Brock Bowers, but the depth chart could shift against him.",Nathan,PPR,PFF 2026 PPR season projections,2026-08-26T14:20:48.803565+00:00
Brandon Aubrey,DAL,PK,151.190,8.894,78.750,223.630,156112,193,1,1,87.4,14,,"Aubrey has been the most reliable kicker in fantasy, finishing top three in scoring in all three of his seasons while making the Pro Bowl and All-Pro team each year.

His value is driven by Dallas' high-scoring offense, a defense that keeps games close and above all the team's willingness to attempt long field goals, an area where he has led the league three years running.

His 2026 schedule is also weather-friendly, with a dome home stadium and cold-weather road trips falling outside the winter season. Aubrey is the clear top kicker and, depending on scoring, worth taking earlier than the final round.",Nathan,PPR,PFF 2026 PPR season projections,2026-08-26T14:20:48.803565+00:00
Khalil Shakir,BUF,WR,150.040,8.826,52.080,248.000,84140,156,58,10,124.2,7,,"Shakir has been a reliable, high-volume slot receiver for one of the league's best quarterbacks, topping 70 catches in each of the last two seasons, but Buffalo has never expanded his role beyond the slot, capping his fantasy ceiling.

This year brings added risk: the team traded for DJ Moore, Joshua Palmer and Dalton Kincaid could command more targets, and a trend toward heavier personnel could cut his snaps.

He is still worth drafting as a trusted target in a great offense, but his upside is mostly as a flex or bye-week fill-in unless his role finally grows beyond 11 personnel.",Nathan,PPR,PFF 2026 PPR season projections,2026-08-26T14:20:48.803565+00:00
Kayshon Boutte,HOU,WR,149.940,8.820,51.970,247.900,124087,178,69,11,170.7,8,,"Boutte spent his first three seasons in New England as a sacrificial X receiver, flashing early in 2025 with five touchdowns over the first eight weeks before a hamstring injury and an inconsistent finish.

A deep average depth of target paired with a thin target share made him hard to trust week to week. Houston should change that. Nico Collins holds the X role, pushing Boutte to Z, where the Texans' target rates are healthier and the routes are shorter.

The concern is snaps, since that role was split last season and Tank Dell is working his way back. He is a late-round dart throw who becomes a real waiver priority if he clears 75% of snaps in Week 1 or if Collins misses time.",Nathan,PPR,PFF 2026 PPR season projections,2026-08-26T14:20:48.803565+00:00
Harrison Mevis,LAR,PK,149.210,8.777,76.770,221.660,124212,204,5,3,132.6,11,,"Mevis was impressive in his limited time as the Rams' kicker, making 92.3% of his field goals and all of his extra points. He only averaged 9.

1 fantasy points per game despite kicking for one of the best offenses in the league. That’s because Los Angeles scored too many touchdowns and not enough field goals.

Mevis had a ridiculous three extra point attempts for every one field goal try. That is bound to have some regression, leading to more field goals and fewer extra points for Mevis, which should help his fantasy production.",Nathan,PPR,PFF 2026 PPR season projections,2026-08-26T14:20:48.803565+00:00
Malik Washington,MIA,WR,148.860,8.756,50.900,246.820,97108,153,57,10,170.3,6,,"A 2024 sixth-round pick, the 5-foot-8 receiver broke through late in his rookie year once Odell Beckham Jr. was released, then served as Miami's clear second option behind Jaylen Waddle in 2025 with Tyreek Hill out most of the season.

He caught a pass in every game but never topped five receptions or 50 yards in one, largely because he was an 11 personnel specialist who came off the field in two-receiver sets. Miami overhauled the offense this offseason with a new coordinator, a new quarterback and a handful of veteran and rookie receiver additions, leaving him as the notable holdover.

Receivers his size rarely reach fantasy relevance, but he could be the exception. Based on the first preseason game, he is due for a significant increase in playing time after playing 100% of snaps with the starters in 11, 12 and 21 personnel. This makes him a fine late round target.",Nathan,PPR,PFF 2026 PPR season projections,2026-08-26T14:20:48.803565+00:00
Fernando Mendoza,LV,QB,148.530,8.737,35.470,267.910,158323,273,30,6,167.6,13,rookie,"Mendoza was the No. 1 overall pick and the best pure passer in his class, but several factors keep him below the typical top selection in fantasy.

He landed with a Raiders team that graded near the bottom of the league on offense, offers little of the rushing upside that fuels most recent first-round quarterbacks and ranks in the back third of recent first-rounders in PFF passing grade.

The Raiders also appear set to sit him behind Kirk Cousins to start, so he may not play much, if at all, this season. He is worth waiting on in dynasty rookie drafts and is a redraft option only in superflex.",Nathan,PPR,PFF 2026 PPR season projections,2026-08-26T14:20:48.803565+00:00
Jake Bates,DET,PK,148.000,8.706,75.560,220.440,121959,208,9,3,156.8,6,,"Bates kicks for a Detroit Lions team that ranked in the top five in both PFF offensive grade and points scored last season. Even so, he finished only eighth among kickers in fantasy points.

The problem was distance. He converted just 3-of-8 attempts from 50 or more yards and 9-of-11 from 40 to 49, which dragged his overall field goal rate down to 79.4%.

Detroit brought in no competition during training camp, but it's fair to wonder how long the leash lasts if Bates misses a few early. He's fine to consider for the opening weeks, though he isn't worth more than a last-round pick.",Nathan,PPR,PFF 2026 PPR season projections,2026-08-26T14:20:48.803565+00:00
Hunter Henry,NE,TE,147.790,8.694,69.180,226.400,10669,131,18,6,142.8,11,,"Henry was a boom-or-bust tight end for most of his Patriots tenure. But his play stabilized once Drake Maye took over, finishing 16th and 13th in points per game the past two seasons with a genuinely higher ceiling.

The concerns for 2026 are his age, now 31, and added target competition from A.J. Brown and Romeo Doubs. A season-ending injury to blocking tight end Julian Hill also leaves the room thin enough that New England could add another body.

Henry profiles as a low-upside backup, best as a fill-in if a starter gets hurt or a riskier early pick busts.",Nathan,PPR,PFF 2026 PPR season projections,2026-08-26T14:20:48.803565+00:00
Cam Little,JAX,PK,147.630,8.684,75.190,220.070,146646,205,6,3,140.5,7,,"Little ranked fifth among kickers in fantasy points last season, thanks to the Jacksonville Jaguars‘ high-powered offense.

His 51 extra point attempts ranked third at the position, which came at the cost of a relatively low field goal attempt total. He also made the longest kick in NFL history last season at 68 yards.

The one concern is weather. Jacksonville plays in Florida but has only two dome games this season, along with five in traditionally cold and windy cities, so his conversion rate could take a hit in a handful of spots.",Nathan,PPR,PFF 2026 PPR season projections,2026-08-26T14:20:48.803565+00:00
Evan McPherson,CIN,PK,147.630,8.684,75.190,220.070,82583,210,11,4,169.2,6,,"McPherson is one of the top kicker options because he plays with one of the best offenses. He averaged just 8.

0 fantasy points per game last season, but that was largely down to Joe Burrow‘s injury, and a healthy Burrow should mean a better year.

McPherson still ranks behind other kickers attached to great offenses, though, because of where he plays. Three of his December games come in traditionally cold cities, which makes him harder to trust once the fantasy playoffs start.",Nathan,PPR,PFF 2026 PPR season projections,2026-08-26T14:20:48.803565+00:00
Jacory Croskey-Merritt,WAS,RB,147.420,8.672,44.730,250.120,102382,95,32,8,131.6,7,,"Croskey-Merritt broke out from a buried depth-chart spot to a real role last season, flashing as a starter in Weeks 15 and 17 and finishing 16th among running backs in PPR points during the fantasy playoffs. However, Washington's offseason additions of Rachaad White, Jerome Ford and Kaytron Allen point to a crowded committee rather than an expanded role.

Croskey-Merritt’s complete lack of receiving work makes a third-down role unlikely, and Allen in particular threatens his short-yardage and goal-line touches, with a chance Allen even passes him on the depth chart.

Best case, the second-year back settles into the flex-caliber role he flashed late last season; more likely, he's a touchdown-dependent committee piece who's tough to trust weekly, making him a matchup-based streaming option beyond the 10th round rather than a player to roster for his standalone value alone.",Nathan,PPR,PFF 2026 PPR season projections,2026-08-26T14:20:48.803565+00:00
Juwan Johnson,NO,TE,147.070,8.651,68.460,225.680,28305,147,20,7,163.2,8,,"Johnson has steadily grown into a fantasy-relevant tight end, peaking last season with 77 receptions and a 12th-place finish in points per game.

But that breakout leaned on inflated snap and target rates driven by injuries and midseason departures, and both are likely to regress.

New Orleans added Noah Fant, Oscar Delp, and currently injured first-round pass catcher Jordyn Tyson, all of which threaten his volume even if he keeps the starting job. He profiles as a fine, low-upside backup worth a late-round pick.",Nathan,PPR,PFF 2026 PPR season projections,2026-08-26T14:20:48.803565+00:00
Chris Boswell,PIT,PK,147.000,8.647,74.560,219.450,8990,235,13,4,164,9,,"Boswell ranked ninth among kickers in fantasy points last season, and he notably converted 19 kicks of 40 or more yards.

He has been reliable across more than a decade with the Pittsburgh Steelers, but he has always been hampered by kicking in a cold-weather division.

The venue splits are even more extreme this year, with a league-leading 13 games in cold cities during the fantasy season and no dome matchups at all, the only team in that position. Pittsburgh's trust in him is a big reason Boswell still ranks in the top half at the position.",Nathan,PPR,PFF 2026 PPR season projections,2026-08-26T14:20:48.803565+00:00
Blake Corum,LAR,RB,146.900,8.641,44.200,249.590,129574,92,31,8,136,11,,"Corum was one of the NFL's most efficient runners last season, leading all backs in positive-grade rate and finishing near the top in yards per carry and first-down rate, and he steadily earned a bigger role as the year went on.

His snap share should hold or grow in a Rams offense expected to be among the league's best and to run even more, making Los Angeles a strong candidate to support two fantasy-relevant backs.

The catch is that Kyren Williams dominates the passing-down work, and until Corum earns receiving snaps, his ceiling stays capped. He's an efficient, early-down complement with standalone value but limited upside.",Nathan,PPR,PFF 2026 PPR season projections,2026-08-26T14:20:48.803565+00:00
Cameron Dicker,LAC,PK,146.780,8.634,74.340,219.220,77069,200,2,2,107.3,7,,"Dicker has been the most accurate kicker in NFL history, hitting 93.5% of his career field goals and at least 92% every season.

That accuracy has made him a top-four fantasy kicker in each of the past two years despite playing for an offense that consistently ranks outside the top 10 in scoring, and he is the only kicker with 38-plus makes in both seasons.

Dicker’s schedule is weather-friendly, with December road games in Las Vegas and Florida and the lone cold-weather trip coming in September. He is the clear No. 2 kicker behind Brandon Aubrey, only because he attempts fewer long kicks.",Nathan,PPR,PFF 2026 PPR season projections,2026-08-26T14:20:48.803565+00:00
Nick Folk,ATL,PK,146.360,8.609,73.910,218.800,3794,302,21,5,170.2,11,,"Folk has been remarkably accurate over the last three seasons, connecting on 78-of-81 field goal attempts. His 96% conversion rate is three percentage points clear of any other kicker with at least 20 attempts.

His problem from a fantasy perspective is volume, with just 29 field goal attempts and 22 extra points last season. At every other position, more talent means more opportunity, but kickers don't work that way.

Their attempts depend almost entirely on how often the offense stalls in scoring range. If the Atlanta Falcons play better than expected, he becomes a viable option.",Nathan,PPR,PFF 2026 PPR season projections,2026-08-26T14:20:48.803565+00:00
Tua Tagovailoa,ATL,QB,145.420,8.554,29.430,264.790,60326,283,31,7,170,11,injury_history,"Tagovailoa spent six seasons as Miami's starting quarterback, ranking 20th among quarterbacks in passing grade and 26th overall in fantasy thanks to almost no rushing production. He has not scored a rushing touchdown since 2021. His fantasy peak came in 2022, when he tied for ninth in fantasy points per game at 18.

4 while throwing to Tyreek Hill and Jaylen Waddle, and he finished as a low-end QB2 in four of his six seasons with the Dolphins. Now in Atlanta, he is competing with Michael Penix Jr., who is recovering from a partially torn ACL, though Tagovailoa appears to be the favorite to open the season as the starter even if the Falcons still view Penix as their long-term answer.

Drake London and Kyle Pitts are legitimate weapons, but Kirk Cousins averaged just 14.0 fantasy points per game with that supporting cast over the final seven weeks last season, limiting Tagovailoa's upside. He should be viewed as a QB2 in superflex leagues, and only while he holds the starting job.",Nathan,PPR,PFF 2026 PPR season projections,2026-08-26T14:20:48.803565+00:00
Jason Myers,SEA,PK,144.950,8.526,72.510,217.390,10207,202,3,3,119,11,,"Myers led all kickers in fantasy points last season with 202. He attempted 48 field goals, tied for the league lead, and 48 extra points, tied for fifth.

Seattle should remain one of the best offenses in the NFL, which keeps him in range of a top-few finish at the position.

The main concern is the outdoor home stadium, as many of the other top kickers play in domes. Only two of Seattle's games this season come in a dome or under a retractable roof, and neither falls in December.",Nathan,PPR,PFF 2026 PPR season projections,2026-08-26T14:20:48.803565+00:00
Kenyon Sadiq,NYJ,TE,144.930,8.525,66.320,223.550,174132,167,25,7,147,13,rookie,"Sadiq was the only tight end drafted in the top 50 this year, a lighter, receiving-oriented prospect in the mold of Brock Bowers, Colston Loveland, Kyle Pitts and Dalton Kincaid.

He matches that group's elite athleticism but not their college production, with a career receiving grade well below theirs, in part because he spent two seasons behind Terrance Ferguson at Oregon.

He lands with a Jets team that already has young pass catchers in Mason Taylor and Omar Cooper Jr., so opportunities will be shared, though he has a realistic shot at second on the team in targets. That makes him a late-round redraft option at best, but a worthwhile first-round pick in dynasty rookie drafts.",Nathan,PPR,PFF 2026 PPR season projections,2026-08-26T14:20:48.803565+00:00
Tyler Bass,BUF,PK,144.810,8.518,72.370,217.250,33010,240,16,4,169.6,7,,"On one hand, Bass kicks for a Buffalo Bills team that has consistently fielded one of the best offenses in the league.

On the other, he missed all of last season with a lower-body injury. Buffalo also plays most of its games outdoors in chilly cities, including four of five in December.

He is a better option than plenty of kickers on worse offenses, but he isn't someone you can trust in a starting lineup every week.",Nathan,PPR,PFF 2026 PPR season projections,2026-08-26T14:20:48.803565+00:00
Tyler Loop,BAL,PK,144.600,8.506,72.160,217.040,131582,209,10,3,164.6,13,,"Loop was an effective kicker, though the Baltimore Ravens rarely sent him out for long attempts.

He averaged just 8.5 fantasy points per game last season, largely a reflection of the offense around him.

Baltimore should be better with a healthier Lamar Jackson, which should put Loop among the league leaders in either field goal or extra point attempts.",Nathan,PPR,PFF 2026 PPR season projections,2026-08-26T14:20:48.803565+00:00
Aaron Jones,MIN,RB,144.180,8.481,41.480,246.870,11937,123,41,9,132.5,6,bust,"Jones has been one of the most efficient runners in NFL history, but his production has slipped in Minnesota, with career-low grades in 2024 and a further step back in 2025 amid injuries and added competition.

A hamstring and a hip injury cost him significant time, and Jordan Mason, who graded notably better as a runner, cut into his workload.

Now the second-oldest halfback likely to make a roster, Jones faces a real threat to his volume from both Mason and rookie Demond Claiborne. His range spans a bounce-back starter with RB2 value to a diminished piece in a committee.",Nathan,PPR,PFF 2026 PPR season projections,2026-08-26T14:20:48.803565+00:00
Harrison Butker,KC,PK,143.940,8.467,71.500,216.380,11988,298,18,4,145.1,5,,"Butker averaged 8.8 fantasy points per game last season, right at league average for a starter and just outside the range worth using weekly.

A big part of the problem was the Kansas City Chiefs‘ offense, which should improve this season with Kenneth Walker III at running back. That cuts both ways, though, since a better offense often means more extra points and fewer field goals.

He also still kicks in a stadium that produces cold, windy games. Butker belongs in fantasy lineups when the matchup and situation line up, not as a set-and-forget option.",Nathan,PPR,PFF 2026 PPR season projections,2026-08-26T14:20:48.803565+00:00
Jalen Nailor,LV,WR,143.510,8.442,45.540,241.470,84292,224,81,12,170.6,13,,"Nailor held down a No. 3 role in Minnesota for two seasons and out-graded Jordan Addison last year, and he now projects as a starter in Las Vegas opposite Tre Tucker in an offense adding Klint Kubiak, Kirk Cousins and Fernando Mendoza.

His profile fits what Mendoza does best, and his grades have been the stronger of the pair.

The concern is that he sat behind the first team in the second preseason game while Tucker rested, and Malik Benson and Noah Brown are both in the mix behind him. He is a late-round dart throw in deeper leagues who should be drafted after Tucker.",Nathan,PPR,PFF 2026 PPR season projections,2026-08-26T14:20:48.803565+00:00
Greg Dulcich,MIA,TE,143.330,8.431,64.710,221.940,84068,157,24,7,170.4,6,,"Dulcich flashed real ability as a 2022 third-round rookie, but hamstring injuries wrecked his first two seasons and pushed him off the Broncos and Giants rosters before Miami claimed him. He found a role with the Dolphins down the stretch in 2025, ranking third among tight ends at 2.

31 yards per route run and leading the position on second and third downs despite never topping 60% of the snaps. Miami then cleared the decks around him, moving on from Darren Waller, Tyreek Hill and Jaylen Waddle while adding only cheap rookies and free agents, and the new front office has openly tabbed him as a breakout candidate.

Dulcich is now a favorite to lead the team in targets, giving him a high floor, with his ceiling tied mostly to how many touchdowns a rebuilding Dolphins offense can produce.",Nathan,PPR,PFF 2026 PPR season projections,2026-08-26T14:20:48.803565+00:00
Jake Elliott,PHI,PK,143.320,8.431,70.870,215.760,11908,300,20,5,168.9,10,,"Elliott has spent the last nine seasons as the Philadelphia Eagles‘ kicker, scoring at least 130 points in three of four years from 2021 to 2024.

The offense had a down year in 2025, and a bounce back would put him back in fantasy starter range. The concern is distance, as he has converted just 33% of his attempts beyond 50 yards over the last two seasons.

Elliott’s contract means the job is safe, but Philadelphia may be reluctant to send him out from 50-plus, which caps his ceiling.",Nathan,PPR,PFF 2026 PPR season projections,2026-08-26T14:20:48.803565+00:00
Kyle Monangai,CHI,RB,142.980,8.411,40.290,245.680,129891,129,45,9,128.2,10,,"Monangai was a 2025 seventh-round pick who quickly climbed to the No. 2 role behind D'Andre Swift, settling into regular double-digit-carry usage after Week 5 and producing 10.4 PPR points per game from Week 6 on, good for 30th among running backs.

With no real roster additions to challenge the pecking order, a similar split looks likely, since Swift graded clearly better last season as a runner, receiver and pass-blocker. He hyperextended his knee and might not be ready for Week 1.

Monangai's appeal depends heavily on league format: In shallower leagues with only 20 to 24 weekly starters, he's mostly a handcuff with little standalone value, but in leagues running 28 to 36 starters, his floor makes him a usable weekly option.",Nathan,PPR,PFF 2026 PPR season projections,2026-08-26T14:20:48.803565+00:00
Jordan Addison,MIN,WR,142.590,8.388,44.630,240.560,123000,139,52,10,114.8,6,,"Addison has been a productive second option opposite Justin Jefferson, but his fantasy value has leaned heavily on touchdowns and on playing with accurate deep-ball quarterbacks, since he is a rare small receiver who wins downfield.

Shaky quarterback play tanked him last season, dropping him to 48th in points per game, and this year's upgrade to Kyler Murray under center still isn't a strong deep passer. He has Kyler Murray, who has a history of shorter passes.

Addison played in the slot in 11 personnel in the Vikings first preseason game, suggesting Addison might see more short passes. He is a risky flex option, depending on how much trust Murray gains in Addison.",Nathan,PPR,PFF 2026 PPR season projections,2026-08-26T14:20:48.803565+00:00
Chase McLaughlin,TB,PK,142.410,8.377,69.970,214.850,33285,207,8,3,169.9,10,,"McLaughlin finished seventh among kickers in fantasy points last season despite the Tampa Bay Buccaneers‘ struggles on offense and a relatively low 84.

2% field goal rate. The good news is that he tied for the league lead with 11 makes from 50 or more yards. Playing in Florida helps as well.

Only three games on Tampa Bay's schedule come in outdoor venues in traditionally cold cities, and just one of those falls in December.",Nathan,PPR,PFF 2026 PPR season projections,2026-08-26T14:20:48.803565+00:00
Trey Smack,GB,PK,142.260,8.368,69.820,214.700,157733,299,19,5,167.8,11,rookie,"Smack is a sixth-round rookie and currently the only kicker on the Green Bay Packers‘ roster after the team carried three earlier in the offseason.

He lands on an offense that ranked eighth in team grade last season at 81.1, but he is at a disadvantage relative to other kickers on good teams because of where he plays.

Green Bay has 11 games in cold, outdoor stadiums, and the fantasy season closes with three matchups at home, plus a trip to Chicago.",Nathan,PPR,PFF 2026 PPR season projections,2026-08-26T14:20:48.803565+00:00
Cairo Santos,CHI,PK,141.360,8.315,68.910,213.800,8932,211,12,4,168.5,10,,"Santos kicks for a Chicago Bears offense that ranked in the top 10 in both points scored and PFF offensive grade last season.

That combination usually puts a kicker inside the top 10 in fantasy points as well. The problem is the venue. He converted just 83.

3% of his field goals last season while playing in one of the toughest stadiums in the league to kick, and Chicago has only two dome games on the schedule this year, none of them in December.",Nathan,PPR,PFF 2026 PPR season projections,2026-08-26T14:20:48.803565+00:00
Ka'imi Fairbairn,HOU,PK,140.590,8.270,68.150,213.030,11161,203,4,3,133.6,8,,"Fairbairn ranked second among kickers in fantasy points last season, but he is due for regression. He tied for the league lead in field goal attempts while ranking just 23rd in extra points.

The Houston Texans should score more touchdowns and settle for fewer field goals this year, which would bring those totals down. The venue situation cuts against him too.

Houston plays indoors, which has helped him in the past, but the December slate includes road trips to Pittsburgh, Washington, Philadelphia and Green Bay.",Nathan,PPR,PFF 2026 PPR season projections,2026-08-26T14:20:48.803565+00:00
Will Reichard,MIN,PK,140.590,8.270,68.150,213.030,98965,236,14,4,167,6,,"Reichard earned a 93.8 PFF kicking grade last season, second-best at the position behind Brandon Aubrey. He tied for the league lead with 11 makes from 50 or more yards and converted an impressive 94.3% overall despite that heavy long-range workload.

The problem was that the Minnesota Vikings‘ offense wasn't scoring enough. If Minnesota takes a real step forward with Kyler Murray at quarterback, he can be a weekly fantasy starter, but that possibility doesn't make Reichard worth taking over kickers already attached to great offenses.

The dome helps, though it's worth noting that two of the Vikings' December games are outdoors in the Northeast.",Nathan,PPR,PFF 2026 PPR season projections,2026-08-26T14:20:48.803565+00:00
Caleb Douglas,MIA,WR,139.450,8.203,41.480,237.410,157740,165,63,11,169.4,6,rookie,"Douglas went 75th overall to Miami without much college production, but the measurables are excellent and the fit is unusually clean. He will start the season as Miami's X receiver and new coordinator Bobby Slowik has developed productive X receivers before.

Douglas played 100% of snaps with the starters in their first preseason game, and only played the first drive in the second, giving Douglas a chance to lead the team in targets.

Fellow rookie Chris Bell is on the non-football injury list, but there is a chance once Bell is healthy, he could take playing time from Douglas. He is a late round target, who will likely be moving up ADP slowly but surely.",Nathan,PPR,PFF 2026 PPR season projections,2026-08-26T14:20:48.803565+00:00
Andres Borregales,NE,PK,138.660,8.156,66.220,211.100,143934,297,17,4,170.1,11,,"Borregales has the classic problem of kicking for a potent offense in a cold-weather city, in a division with two more outdoor cold-weather teams.

Twelve of the New England Patriots‘ 16 games during the fantasy season come in traditional cold cities, including all five in December.

He can likely be trusted early on, but he becomes a drop candidate as the year goes on.",Nathan,PPR,PFF 2026 PPR season projections,2026-08-26T14:20:48.803565+00:00
Blake Grupe,IND,PK,136.680,8.040,64.240,209.120,57502,334,23,5,170,13,,"Whoever wins the Indianapolis Colts‘ kicking competition should be a fantasy starter more often than not. Among teams that play in domes or under a retractable roof, Indianapolis ranked in the top four in both PFF offensive grade at 80.

7 and points scored at 466. The complication is that the job is genuinely open, with Grupe facing competition from Spencer Shrader.

Grupe made all 11 field goals and 10 extra points across his five games with Indianapolis to close the season. Anyone planning to skip a kicker in the draft and add one before Week 1 would be smart to target whoever wins here.",Nathan,PPR,PFF 2026 PPR season projections,2026-08-26T14:20:48.803565+00:00
Wil Lutz,DEN,PK,136.450,8.026,64.010,208.890,11096,239,15,4,169.7,10,,"Lutz has spent the last three seasons as the Denver Broncos‘ kicker. He should benefit from a good offense, and the altitude is a real edge for kickers in Denver, but it's one he barely uses.

Altitude pays off most on long attempts, and he has never been one to take many. Lutz has 47 tries from 50 or more yards across 148 career games and converted only 29 of them.

Last season, 21 of his 28 makes came from inside 40 yards. He is a dependable but limited option, best streamed in weeks when Denver is expected to score more than usual.",Nathan,PPR,PFF 2026 PPR season projections,2026-08-26T14:20:48.803565+00:00
Drew Stevens,WAS,PK,136.250,8.015,63.810,208.690,156447,363,25,6,,7,rookie,,Nathan,PPR,PFF 2026 PPR season projections,2026-08-26T14:20:48.803565+00:00
Dominic Zvada,NYG,PK,134.690,7.923,62.240,207.130,156657,348,24,5,,8,rookie,"Zvada is an undrafted rookie out of Michigan who appears to be the favorite for the New York Giants‘ kicking job.

New York finished in the bottom half of the league in both PFF offensive grade and points scored last season. The Giants play outdoors in a cold city, though five of their games come in domes or under a retractable roof.

If the New York offense is healthier and more productive this year, there should be weeks where Zvada is worth starting.",Nathan,PPR,PFF 2026 PPR season projections,2026-08-26T14:20:48.803565+00:00
AJ Barner,SEA,TE,133.380,7.846,54.770,212.000,129433,217,27,8,169.4,11,,"Barner locked down Seattle's starting tight end job as a rookie and graded 12th at the position, showing borderline-starter talent at just 24.

He also carries a sneaky touchdown path, converting 10-of-11 short-yardage direct-snap carries, and could see goal-line work early with Zach Charbonnet sidelined.

The problem is volume: Seattle is run-heavy, Jaxon Smith-Njigba commands the targets and Rashid Shaheed, the running backs and rookie Elijah Arroyo all have claims on the rest, leaving Barner with one of the lowest target rates at the position. He is a high-risk, high-upside late-round backup best paired with a safe starter.",Nathan,PPR,PFF 2026 PPR season projections,2026-08-26T14:20:48.803565+00:00
T.J. Hockenson,MIN,TE,132.800,7.812,54.190,211.420,40912,168,26,7,132.8,6,,"Hockenson was a perennial top-six fantasy tight end before a torn ACL and MCL at the end of 2023, and he hasn't been the same since, declining in receptions, yards and grade across the two seasons after.

Some of last year's drop may trace to poor quarterback play, given how sharply his average depth of target and target rate fell.

He now catches passes from Kyler Murray, who has historically supported productive tight ends, offering a bounce-back path if Hockenson is finally fully recovered. The risk is that he never regains his old form, or that added competition like Jauan Jennings caps his target share.",Nathan,PPR,PFF 2026 PPR season projections,2026-08-26T14:20:48.803565+00:00
Dalton Schultz,HOU,TE,131.910,7.759,53.300,210.520,47304,120,15,6,168,8,,"Schultz set a career high with 82 receptions last season and finished 13th in fantasy points per game, though that came with Tank Dell out, Stefon Diggs gone and most of the tight end room injured.

Houston has since added Foster Moreau and drafted Marlin Klein, which points to more two-tight-end sets and some risk to his snap count.

Working the other way, Jayden Higgins‘ season-ending ACL tear leaves Schultz as the No. 2 target earner on the roster, and he sat out the second preseason game while the other tight ends rotated. He is a safe TE2 with a path to TE1 production if nobody behind him emerges.",Nathan,PPR,PFF 2026 PPR season projections,2026-08-26T14:20:48.803565+00:00
Ryan Fitzgerald,CAR,PK,131.490,7.735,59.050,203.940,99867,378,26,6,169.8,5,,"Fitzgerald won the Carolina Panthers‘ kicking job last season as an undrafted rookie. He was fine from short range but made only two of five attempts beyond 50 yards, so long-range volume isn't likely to be part of his profile.

That, combined with the offense around him, makes him one of the last starting kickers to consider in drafts.

He does have the job to himself, though, and Carolina showed some willingness to kick in situations where most teams go for it on fourth down. That's enough to move him up a few spots in the rankings.",Nathan,PPR,PFF 2026 PPR season projections,2026-08-26T14:20:48.803565+00:00
Andre Szmyt,CLE,PK,131.300,7.724,58.860,203.740,57624,438,30,6,169.9,11,,"Szmyt won the Cleveland Browns‘ kicking job in 2025 after a strong UFL season in 2024 and a late-season signing to Cleveland's practice squad. He was solid as a rookie starter, converting 88.

9% of his field-goal attempts and 96.2% of his extra points despite the wind he kicks in. His problem is the offense, which posted the league's lowest team grade last season at 57.0.

Some improvement is expected, but the top half of the league is a stretch. All five December games are outdoors in cold-weather cities as well. He is a kicker to avoid outside of 32-team leagues.",Nathan,PPR,PFF 2026 PPR season projections,2026-08-26T14:20:48.803565+00:00
Charlie Smyth,NO,PK,130.830,7.696,58.390,203.280,183080,393,27,6,170.2,8,,"Smyth is a Northern Ireland native who appeared in six games for the New Orleans Saints last season. He converted just 75% of his field-goal attempts but was perfect inside 40 yards, extra points included.

He holds a slight edge over Tanner Brown for the job. Any kicker in an open competition is hard to trust in drafts, especially one attached to an offense that scored only 306 points last year.

He still ranks ahead of a few others, though, because New Orleans plays in a dome and has no cold-weather games in December.",Nathan,PPR,PFF 2026 PPR season projections,2026-08-26T14:20:48.803565+00:00
Matt Gay,LV,PK,129.570,7.622,57.130,202.010,57643,423,29,6,169.5,13,,"Gay has been a journeyman kicker who hasn't reached an 84% field goal rate in any of the last three seasons. He played 10 games for the Washington Commanders and two for the San Francisco 49ers last year.

The Las Vegas Raiders signed him to a one-year deal, and he is competing with international player Kansei Matsuzawa.

He has the benefit of a domed stadium, but he needs both a better offense in front of him and better accuracy of his own to belong in fantasy lineups.",Nathan,PPR,PFF 2026 PPR season projections,2026-08-26T14:20:48.803565+00:00
Joey Slye,TEN,PK,127.110,7.477,54.670,199.550,39235,318,22,5,169.9,9,,"Slye managed just 8.4 fantasy points per game last season, a function of the Tennessee Titans‘ offense giving him only 35 field goal attempts and 27 extra points.

If the offense grows, he is in a good spot, because the schedule works in Slye’s favor.

Tennessee plays outdoors, but none of its December games come in cold-weather cities.",Nathan,PPR,PFF 2026 PPR season projections,2026-08-26T14:20:48.803565+00:00
Jason Sanders,NYJ,PK,127.010,7.471,54.570,199.450,29578,469,32,7,169.9,13,,,Nathan,PPR,PFF 2026 PPR season projections,2026-08-26T14:20:48.803565+00:00
Rachaad White,WAS,RB,126.180,7.422,23.490,228.870,131633,143,52,9,136.2,7,,"White was a featured back in Tampa before losing his role to Bucky Irving. He's since built his reputation as one of the league's better receiving backs, ranking fifth in yards after the catch over the last three seasons.

He signed a modest one-year deal with Washington into a heavy committee with Jerome Ford, Jacory Croskey-Merritt, Jeremy McNichols and Kaytron Allen. While strong practices have White positioned for the most secure role, that looks like Austin Ekeler‘s old third-down job rather than a true workhorse spot.

The likeliest outcome is a passing-game share similar to Ekeler's 2024, when Ekeler finished 29th in PPR points per game on a good Washington offense. That makes White a fine, safe RB3 rather than a player worth reaching for.",Nathan,PPR,PFF 2026 PPR season projections,2026-08-26T14:20:48.803565+00:00
Jalen McMillan,TB,WR,126.000,7.412,28.030,223.960,131905,163,61,11,168.6,10,,"McMillan displayed intrigue as a newcomer with a huge late-season stretch, scoring seven touchdowns in the final five games, but a scary preseason neck injury wiped out most of his 2025.

He returns to a crowded Tampa Bay room where Emeka Egbuka and Chris Godwin are the likely top two, though his talent gives him a path to push Godwin or step up if injuries hit.

With Mike Evans gone and Baker Mayfield expected to bounce back, the offense should support two fantasy-relevant receivers. McMillan is a fine end-of-draft pick, especially if camp news points to a bigger role.",Nathan,PPR,PFF 2026 PPR season projections,2026-08-26T14:20:48.803565+00:00
Adonai Mitchell,NYJ,WR,124.130,7.302,26.170,222.100,146712,160,60,10,169.9,13,,"Mitchell was a talented early-round pick who couldn't crack Indianapolis' lineup, stuck behind a career-best stretch from Alec Pierce and undone by a costly Week 4 audition before a midseason trade to the Jets.

He flashed there as the top target while Garrett Wilson was hurt, and New York plans to keep him as its X receiver, though he now shares a room with a healthy Wilson and rookie Omar Cooper Jr. under new coordinator Frank Reich and quarterback Geno Smith.

He is worth a late-round pick as a high-pedigree receiver finally getting a real shot to start.",Nathan,PPR,PFF 2026 PPR season projections,2026-08-26T14:20:48.803565+00:00
Devaughn Vele,NO,WR,123.010,7.236,29.990,220.970,100637,189,76,12,171.5,8,,"Vele has been a productive role player across two seasons, clearing a 70.0 receiving grade in both despite bouncing between depth chart spots in Denver and New Orleans, and he was starting for the Saints last season before a shoulder injury ended his year.

First-round pick Jordyn Tyson had pushed him back to third on the depth chart, but Tyson's right hamstring injury is expected to cost him up to two months.

That should install Vele as the second receiver for roughly the first six weeks. He is a worthwhile late-round pick for anyone who drafted rookies or injured receivers and needs a bridge to start the season.",Nathan,PPR,PFF 2026 PPR season projections,2026-08-26T14:20:48.803565+00:00
Pat Freiermuth,PIT,TE,122.800,7.224,44.190,201.420,84085,221,29,8,169.1,9,,"Freiermuth was a reliable, touchdown-scoring tight end who finished 13th at the position as recently as 2024, but his value plummeted in 2025 when Pittsburgh added Jonnu Smith and gave Darnell Washington a bigger role, cutting his snaps to just 50.6%.

Both Jonnu Smith and coordinator Arthur Smith are now gone under new head coach Mike McCarthy, which should open up more playing time. However, he played less than 50% of snaps with the starters in the Steelers' first preseason game, suggesting he won't see a substantial increase in playing time.

The risks are a PFF receiving grade that has slipped over the past three seasons and added target competition from Michael Pittman Jr. and rookie Germie Bernard. He's a fine late-round gamble on your backup, with a chance to return to borderline-starter value.",Nathan,PPR,PFF 2026 PPR season projections,2026-08-26T14:20:48.803565+00:00
Riley Patterson,MIA,PK,122.630,7.214,50.190,195.070,57556,453,31,6,169.9,6,,"Patterson was competing with Zane Gonzalez for Miami’s kicking job, but Gonzalez landed on injured reserve, leaving Patterson as the last man standing.

Patterson kicked for Miami last season but has attempted just 13 field goals beyond 50 yards in 61 career games, a sign that teams haven't trusted him from that range.

The combination of the long-range concerns, concerns around Miami’s offense, and the possibility that Miami brings in more competition makes Patterson a kicker to avoid.",Nathan,PPR,PFF 2026 PPR season projections,2026-08-26T14:20:48.803565+00:00
Chad Ryland,ARI,PK,121.920,7.172,49.480,194.360,77083,409,28,6,169.9,14,,"Ryland is entering his third season as the Arizona Cardinals‘ kicker. He managed just 7.6 fantasy points per game last year, fourth-lowest among kickers expected to hold a lead job this season.

The problem was a combination of the offense in front of him and a low 75.8% field goal rate. The accuracy should bounce back, but expectations aren't high for Arizona either.

He is a kicker to avoid, though if the offense outperforms, the retractable roof and a December schedule free of cold-weather games work in his favor.",Nathan,PPR,PFF 2026 PPR season projections,2026-08-26T14:20:48.803565+00:00
Jordyn Tyson,NO,WR,120.910,7.112,57.530,184.300,157690,159,59,10,166.4,8,rookie,"Tyson went eighth overall as the second wide receiver off the board in the 2026 draft, and top-10 receivers have historically produced fantasy value even as rookies.

New Orleans is not an ideal landing spot given Tyler Shough‘s middling quarterback play and a Saints offense that scored the fifth-fewest points last season, but Chris Olave‘s target volume and modest PFF receiving grade leave room for Tyson to carve out a significant role early.

If he overtakes Olave as the top option, he immediately pays off; if not, he profiles as a borderline top-40 receiver in a below-average offense. Tyson's hamstring injury that will likely leave him on injured reserve to start the season also complicates his fantasy potential as a rookie.",Nathan,PPR,PFF 2026 PPR season projections,2026-08-26T14:20:48.803565+00:00
Calvin Ridley,TEN,WR,120.830,7.108,22.870,218.790,48262,185,73,12,168.1,9,,"Ridley has been a boom-or-bust producer for Tennessee, capable of long dominant stretches but also periods as a complete non-factor, and injuries have limited him to two full seasons in the past five.

Now 31 and coming off a hamstring injury and fibula fracture, he faces steep new target competition from fourth overall pick Carnell Tate and free-agent addition Wan'Dale Robinson, leaving him projected third in targets.

A third receiver in this offense holds little fantasy value on paper. Ridley’s case rests on the offense improving under a new coordinator and a second-year Cam Ward, with a chance he remains the top outside option early.",Nathan,PPR,PFF 2026 PPR season projections,2026-08-26T14:20:48.803565+00:00
Gunnar Helm,TEN,TE,120.270,7.075,41.660,198.880,144726,232,30,8,170.5,9,,"A fourth-round pick in 2025, Helm won the second tight end job immediately and grew into a larger role as his rookie year went on, topping 55% of snaps six times over the final eight weeks after doing so once in the first 10. He posted a 69.3 receiving grade, 17th among tight ends with at least 50 targets, though his 3.

7 yards after the catch per reception was among the worst in that group. Tennessee overhauled the offense this offseason with Brian Daboll taking over as coordinator, Chig Okonkwo leaving in free agency and Daniel Bellinger following Daboll from New York as the main competition.

He should be the top receiving tight end, but with Carnell Tate and Wan'Dale Robinson added at wide receiver, he is a deeper-league option best suited to managers drafting for upside.",Nathan,PPR,PFF 2026 PPR season projections,2026-08-26T14:20:48.803565+00:00
Michael Penix Jr.,ATL,QB,118.230,6.955,10.890,237.600,82134,303,33,7,170.1,11,,,Nathan,PPR,PFF 2026 PPR season projections,2026-08-26T14:20:48.803565+00:00
Ryan Flournoy,DAL,WR,118.010,6.942,20.050,215.970,159617,186,74,12,170.9,14,,"Flournoy was a sixth-round pick in 2024 who played sparingly as a rookie and opened 2025 fifth on the depth chart. Early injuries pushed him past 50% of snaps in Week 5, where he caught six passes for 114 yards, and he held roughly 40% to 45% of snaps even once the room got healthy, including a nine-catch, 115-yard, one-touchdown game against the Detroit Lions in Week 14 with everyone available.

His 80.3 PFF grade would usually make him a second option, but CeeDee Lamb and George Pickens lock him into the third spot in an offense that ranked sixth in 11 personnel last season and could lead the league in it this year.

He will likely go undrafted in redraft, since other third receivers have clearer paths up their depth charts, but he is worth rostering in deeper and best ball leagues for the handful of big games. If Lamb or Pickens misses extended time, Flournoy would be one of the top waiver targets of the year.",Nathan,PPR,PFF 2026 PPR season projections,2026-08-26T14:20:48.803565+00:00
Cade Otton,TB,TE,116.720,6.866,38.100,195.330,61071,244,31,8,170.5,10,,"Otton has played at least 92% of offensive snaps in each of the last three seasons and just signed a three-year, $30 million deal, so the playing time is secure.

The production is not, because it has swung almost entirely on health elsewhere: over the last two years he averaged 13.2 PPR points per game in the nine contests Mike Evans and Chris Godwin both missed or barely played, and 7.0 in every other game.

New offensive coordinator Zac Robinson is a real point of optimism after what he did with Kyle Pitts, but Evans' departure leaves a deep young receiver group around Godwin rather than a thin one. Leave him on the waiver wire and monitor the receiver injury report.",Nathan,PPR,PFF 2026 PPR season projections,2026-08-26T14:20:48.803565+00:00
Mike Gesicki,CIN,TE,116.110,6.830,37.500,194.720,47153,284,35,9,170.4,6,,"Gesicki finished 13th among tight ends in 2024 on the strength of five big games, three of which came with Tee Higgins out, but he also had nine games with 2 or fewer yards or three or fewer receptions.

The 2025 season was worse, with nothing over 20 yards through five weeks, a pectoral strain costing him the middle stretch, and no real spike even when Higgins missed time again.

Cincinnati rotates its tight ends heavily, so he is not guaranteed 12 personnel or third-down work, and Erick All‘s return could cut into the snaps further. He belongs on the waiver wire, though the Joe Burrow connection and the proven ceiling keep him ahead of a few other starting tight ends.",Nathan,PPR,PFF 2026 PPR season projections,2026-08-26T14:20:48.803565+00:00
Jerry Jeudy,CLE,WR,112.820,6.636,14.860,210.790,61103,173,66,11,165.5,11,,"Jeudy's Cleveland production has swung entirely on quarterback play, thriving with Jameis Winston and cratering with everyone else, and Winston is now a Giants backup.

With Deshaun Watson and Shedeur Sanders as the likely starters, his efficiency projects poorly, and the Browns added K.C. Concepcion, Denzel Boston and a bigger role for Isaiah Bond, crowding his target share.

The counterargument is alignment: Jeudy was miscast at X last season and grades far better off the line, and the rookies could push him back to Z while drawing coverage away from him. He's a late-round deep-league flier who could be a weekly starter if the pieces fit, but is droppable within a month or two if they don't.",Nathan,PPR,PFF 2026 PPR season projections,2026-08-26T14:20:48.803565+00:00
Keenan Allen,IND,WR,112.030,6.590,14.070,209.990,7857,182,71,11,167.1,13,bust,"Allen is 13th all time in receptions and was a fixture in fantasy lineups for most of the last decade, but the last two seasons have brought him down to the WR35-to-WR40 range and, in 2025, a part-time role that pulled him out of the slot.

He signed with the Indianapolis Colts in the middle of training camp, reuniting with head coach Shane Steichen, who was his offensive coordinator during one of his better statistical seasons.

He should open at Z in three-receiver sets, though Josh Downs is the likelier option in heavier packages. A low-end WR3 outcome is his realistic ceiling, and reaching it means taking targets from teammates who are already established there.",Nathan,PPR,PFF 2026 PPR season projections,2026-08-26T14:20:48.803565+00:00
Zach Charbonnet,SEA,RB,111.620,6.566,45.170,178.070,97630,128,44,9,156.4,11,injury_history,"Charbonnet has showcased clear fantasy upside, excelling as a starter during Kenneth Walker III‘s 2024 absence and scoring 12 rushing touchdowns as the goal-line back in 2025, though a committee split constricted his value.

He tore his ACL in the playoffs and opened camp on the PUP list, so he is likely to miss the start of the season. The encouraging sign is that he was working off to the side during OTAs and has been tracking ahead of schedule, which points more toward a few missed weeks than half a season.

With Walker gone, Charbonnet’s competition is now Jadarian Price, George Holani and Emanuel Wilson. Charbonnet’s upside is an early return to full form and a bigger role, but the likelier outcome is diminished effectiveness for much of the year and a role similar to last season's.",Nathan,PPR,PFF 2026 PPR season projections,2026-08-26T14:20:48.803565+00:00
,HOU,DEF,111.200,6.541,11.750,211.910,13,196,3,1,88.3,8,,"The Texans finished as the second-best fantasy defense last season and return largely the same lineup, with safety Reed Blankenship as the only notable addition.

Some regression is likely, since a league-leading four defensive touchdowns plus top-five marks in fumble recoveries and interceptions all come from volatile areas.

The Texans’ standing in the more stable categories is reassuring, though, as Houston ranked second in points allowed and first in yards surrendered. They should be a top fantasy defense again in 2026, with luck determining whether they are the No. 1 unit or closer to fifth.",Nathan,PPR,PFF 2026 PPR season projections,2026-08-26T14:20:48.803565+00:00
Tre Harris,LAC,WR,110.770,6.516,12.800,208.730,122676,175,67,11,171,7,,"Harris quietly carved out a real role as a rookie, playing 86.6% of the Chargers' single-receiver snaps from Week 7 on and cutting into two-receiver work by midseason.

With Keenan Allen unsigned, he could lead all Los Angeles receivers in playing time, though the production has not caught up yet, with a 66.6 PFF receiving grade and a best game of four catches for 54 yards.

The complication is new coordinator Mike McDaniel, whose speed-based system may not fit a receiver who lacks the burst of his teammates. Harris is a speculative late-round pick in deeper leagues, with the first month of the season likely to settle whether the role and scheme work.",Nathan,PPR,PFF 2026 PPR season projections,2026-08-26T14:20:48.803565+00:00
Kirk Cousins,LV,QB,110.310,6.489,14.800,229.690,7102,323,35,7,170,13,bust,,Nathan,PPR,PFF 2026 PPR season projections,2026-08-26T14:20:48.803565+00:00
,LAR,DEF,110.140,6.479,10.650,210.840,26,194,1,1,106.5,11,,"The Rams ranked fifth in fantasy defense last season and were well-rounded across the board, finishing top 10 in points allowed, interceptions, sacks and fumble recoveries.

They got significantly better this offseason, trading for Myles Garrett and Trent McDuffie and signing Jaylen Watson, all upgrades over the players they lost.

A rumored Aaron Donald return could raise the ceiling even higher. The main concern is one of the league's toughest schedules, but this should still be a strong fantasy defense.",Nathan,PPR,PFF 2026 PPR season projections,2026-08-26T14:20:48.803565+00:00
Terrance Ferguson,LAR,TE,110.110,6.477,31.490,188.720,146563,152,22,7,165.4,11,,"The 46th overall pick in 2025 barely played through five weeks, then earned a steadily larger role, finishing with 73.1% of snaps from Weeks 14-17 while handling 80% of third-down 11 personnel and every 13 personnel snap.

He caught only 11 passes but averaged 21.0 yards per reception with three touchdowns, and Sean McVay has since talked him up as a player who can line up anywhere on the offense. The concern is that his 18.

3 average depth of target was more than six yards higher than any other tight end, so the volume depends on the Rams mixing in easier throws, and Los Angeles returns all three of its other tight ends plus a second-round rookie. He is a late-round pick in deeper leagues with a real chance to become a waiver wire target after one big week.",Nathan,PPR,PFF 2026 PPR season projections,2026-08-26T14:20:48.803565+00:00
,GB,DEF,109.990,6.470,10.080,210.690,12,216,12,3,168.6,11,,"The real reason for optimism is youth. Eleven of the top 15 players on the depth chart are 27 or younger, so most of this group should improve rather than decline.

However, there is concern around Micah Parsons, who is expected to start the season on the PUP list.

Ideally, he will be fully healthy by midseason, but there is no guarantee.",Nathan,PPR,PFF 2026 PPR season projections,2026-08-26T14:20:48.803565+00:00
Keaton Mitchell,LAC,RB,109.410,6.436,6.720,212.110,123826,116,40,9,168.8,7,sleeper,"Mitchell flashed elite potential as a rookie with the Ravens, averaging 8.4 yards per carry over a six-week stretch before an ACL injury derailed his development. He arrives in Los Angeles with the highest PFF grade of the Chargers' three-back room over the past three seasons despite his down 2024 campaign.

The key factor is his fit with new offensive coordinator Mike McDaniel, who brought Mitchell to Los Angeles himself, while Omarion Hampton and Kimani Vidal are holdovers.

Mitchell shares the same rare size-speed profile as McDaniel's previous featured back De'Von Achane, with both sitting at 5-foot-8 or shorter and 200 pounds or lighter while posting sub-4.40 40-yard dash times. If McDaniel ultimately prefers Mitchell over his other options, the upside is top-10 at the position.",Nathan,PPR,PFF 2026 PPR season projections,2026-08-26T14:20:48.803565+00:00
Chris Rodriguez Jr.,JAX,RB,109.230,6.425,6.570,211.920,83689,114,39,9,165.9,7,sleeper,"Rodriguez has been buried on the depth chart for most of his career but has been quietly one of the most efficient runners in the league, ranking near the top in yards after contact, first-down rate and PFF rushing grade over the past three seasons.

The catch is he boasts almost no receiving usage, with just six career catches, and he now joins a crowded Jacksonville backfield alongside Bhayshul Tuten and LeQuint Allen.

Tuten is the likeliest to lead the group in fantasy points given his dual-threat role, but Rodriguez's efficiency and bigger frame could earn him goal-line work in a potentially high-scoring offense. That makes him an intriguing late-round option, especially if the Jacksonville offense supports two relevant backs.",Nathan,PPR,PFF 2026 PPR season projections,2026-08-26T14:20:48.803565+00:00
,DET,DEF,108.390,6.376,9.970,209.090,11,293,17,4,152.6,6,,"The Lions allowed 413 points last season to rank 22nd in the league, but they were better than that in fantasy thanks to a pass rush led by Aidan Hutchinson that produced 49 sacks, tied for fourth-most.

Detroit lost real production in the front seven, with Alex Anzalone, DJ Reader, Roy Lopez and Al-Quadin Muhammad all playing at least 400 snaps and grading above 67.0 before departing. D.J.

Wonnum and second-round pick Derrick Moore are the key additions, but the bounce-back case rests mostly on returning players — including safeties Kerby Joseph and Brian Branch, who both failed to finish last season.",Nathan,PPR,PFF 2026 PPR season projections,2026-08-26T14:20:48.803565+00:00
,CIN,DEF,108.040,6.355,9.200,208.750,7,347,24,6,169.9,6,,"The Bengals yielded the third-most points and second-most yards in the league last season, though 13 interceptions kept them respectable in fantasy.

Trey Hendrickson‘s departure is the biggest loss, but he missed most of last season anyway, and the three other players gone with at least 300 snaps all graded at 64.0 or worse.

Cincinnati then went shopping, adding Dexter Lawrence II, Boye Mafe and Bryan Cook, who may now be the three best players on the defense. With a young roster around them, the Bengals should improve, and there's a path to an above-average unit if the younger players develop.",Nathan,PPR,PFF 2026 PPR season projections,2026-08-26T14:20:48.803565+00:00
Travis Hunter,JAX,WR,107.830,6.343,9.870,205.790,160766,176,68,11,120.9,7,,"Hunter was establishing a role as Jacksonville's third receiver with upside, including a 101-yard, one-touchdown game in Week 7, before an LCL tear ended his rookie season.

His path back to fantasy relevance is now much harder, with Jakobi Meyers acquired via trade and Parker Washington thriving in his old role, likely leaving Hunter fourth on the depth chart.

Jacksonville also drafted two tight ends, pointing toward more two-tight-end sets that would cut into his snaps, while the departure of Greg Newsome II could pull him further toward defense. Hunter profiles as a part-time offensive player with unpredictable spike weeks, though the talent that made him the No. 2 pick keeps a breakout in play.",Nathan,PPR,PFF 2026 PPR season projections,2026-08-26T14:20:48.803565+00:00
De'Zhaun Stribling,SF,WR,107.320,6.313,9.350,205.280,146508,117,47,9,150.5,8,rookie,"Stribling was a surprise pick at 33rd overall, a physical 6-foot-2 receiver who wins at the catch point more than through separation.

He is behind Mike Evans, Deebo Samuel and Demarcus Robinson to start, but all three are past 30 and two have injury histories, and he has already out-snapped them in the slot through two preseason games while producing at both alignments.

His long-term role is at X once Evans moves on. He is worth a late-round pick as a receiver who should play meaningful snaps immediately with real upside beyond that.",Nathan,PPR,PFF 2026 PPR season projections,2026-08-26T14:20:48.803565+00:00
,PHI,DEF,107.130,6.302,7.760,207.840,24,198,5,2,136,10,,"The Eagles ranked fifth in points allowed last season but only seventh in fantasy points, held back by a lack of big plays and a sack total that fell outside the top 10, much like their 2024 finish.

They reshaped the secondary this offseason, moving on from Adoree' Jackson and Reed Blankenship while adding cornerback Riq Woolen.

Philadelphia’s biggest boost is edge rusher Jonathan Greenard, who should start and help generate more pressure. The changes should keep the Eagles among the top 10 fantasy defenses, and while the upside is capped, the floor is very safe.",Nathan,PPR,PFF 2026 PPR season projections,2026-08-26T14:20:48.803565+00:00
,NE,DEF,106.130,6.243,8.780,206.830,19,213,9,3,150.5,11,,"New England allowed the fourth-fewest points in the league last season but was only a borderline top-10 fantasy defense, generating five combined defensive and special teams touchdowns while ranking seventh-worst in sacks.

Recovering as many fumbles as the Patriots forced points toward regression, and the roster churn doesn't help. Indeed, 10 defenders who played at least 100 snaps are gone, including starters K'Lavon Chaisson, Jack Gibbens and Jaylinn Hawkins.

Kevin Byard III headlines the additions but turns 33 this year, and edge rushers Dre'Mont Jones and Harold Landry III both grade below 70.0 as pass-rushers over the past three seasons. Treat the Patriots as a situational start, with mild regression likely.",Nathan,PPR,PFF 2026 PPR season projections,2026-08-26T14:20:48.803565+00:00
Cooper Kupp,SEA,WR,105.980,6.234,8.020,203.940,11824,246,88,13,168.9,11,bust|injury_history,,Nathan,PPR,PFF 2026 PPR season projections,2026-08-26T14:20:48.803565+00:00
Dylan Sampson,CLE,RB,105.380,6.199,2.690,208.080,163772,141,50,9,171,11,sleeper,"Sampson showcased strong receiving ability as a rookie, ranking second among running backs in yards per route run at 1.86, just behind Bijan Robinson. However, his rushing efficiency was held back by an offensive line that gave him just 0.

3 yards before contact per carry, tied for the second-lowest mark by any back with at least 50 carries over the last 20 years. Cleveland overhauled that line this offseason, adding Spencer Fano, Tytus Howard, Zion Johnson and Elgton Jenkins, and Jerome Ford‘s departure without a meaningful replacement should push Sampson into a significantly larger role.

If Quinshon Judkins is fully healthy, Sampson profiles as a high-upside flex with standalone value thanks to his receiving ability. If Judkins misses time following his Week 16 dislocated ankle and fractured fibula, Sampson becomes a likely must-start.",Nathan,PPR,PFF 2026 PPR season projections,2026-08-26T14:20:48.803565+00:00
,PIT,DEF,105.230,6.190,7.460,205.940,25,201,7,2,117.7,9,,"The Steelers ranked ninth among fantasy defenses last season, generating big plays across the board with top-three marks in fumble recoveries and defensive touchdowns and top-10 finishes in sacks and interceptions, even while allowing slightly more points than league average.

The front seven returns largely intact, and the secondary was rebuilt after five defensive backs with at least 100 snaps departed, with Jamel Dean and Jaquan Brisker headlining the replacements.

Dean should be an upgrade after posting an 80.7 overall PFF grade in Tampa Bay. Pittsburgh figures to remain a top-10 fantasy defense, though the age of core pieces like T.J. Watt, Cameron Heyward and Jalen Ramsey is a real risk.",Nathan,PPR,PFF 2026 PPR season projections,2026-08-26T14:20:48.803565+00:00
,BAL,DEF,105.000,6.176,7.070,205.710,3,199,6,2,133.5,13,,"The Ravens have long been a strong team defense, ranking second as recently as 2023. Although the past two seasons have been quieter, they finished 2025 strong by scoring the eighth-most fantasy points among defenses over the final eight weeks.

The big reason to expect a leap in 2026 is the front four, headlined by the addition of Trey Hendrickson, this offseason's top free agent and the owner of the fifth-best PFF pass-rush grade among edge defenders over the past three seasons.

With Calais Campbell back, a possible return from Nnamdi Madubuike and stars like Kyle Hamilton and Roquan Smith already in place, Baltimore should field an excellent defense against a favorable schedule.",Nathan,PPR,PFF 2026 PPR season projections,2026-08-26T14:20:48.803565+00:00
Evan Engram,DEN,TE,104.630,6.155,26.010,183.240,11778,220,28,8,170,10,,,Nathan,PPR,PFF 2026 PPR season projections,2026-08-26T14:20:48.803565+00:00
,KC,DEF,104.180,6.128,6.850,204.880,16,234,14,3,164.1,5,,"The Chiefs allowed the sixth-fewest points in the league last season at 328, yet finished as just the 22nd-ranked fantasy defense because they never made big plays, forcing a league-low six fumbles, scoring no touchdowns or safeties and recording a below-average 35 sacks.

The offseason brought heavy turnover, with Jaylen Watson, Bryan Cook and Trent McDuffie all departing after grading at 74.0 or better, along with five front-seven players who logged at least 300 snaps.

Kansas City leaned on the draft to replace them, taking three defenders inside the first 40 picks. More big plays would lift the fantasy outlook, but this is a matchup-based streamer rather than a weekly starter.",Nathan,PPR,PFF 2026 PPR season projections,2026-08-26T14:20:48.803565+00:00
,JAX,DEF,103.620,6.095,7.040,204.330,15,215,11,3,167.9,7,,"The Jaguars finished third in fantasy points last season, powered by four defensive and special teams touchdowns and 22 interceptions, the second-most in the league.

Jacksonville then lost two starters in linebacker Devin Lloyd, who took his 87.9 overall grade to Carolina, and safety Andrew Wingard, who signed with Arizona, while adding nothing notable in free agency beyond minor defensive line depth.

A small step back is likely, though a healthy Travis Hunter playing a bigger defensive role helps offset it. Treat Jacksonville as a matchup-based start rather than a weekly one.",Nathan,PPR,PFF 2026 PPR season projections,2026-08-26T14:20:48.803565+00:00
,DEN,DEF,103.510,6.089,5.890,204.220,10,197,4,1,98.4,10,,"The Broncos were the fourth-ranked fantasy defense last season, powered by a league-leading 68 sacks and the third-fewest points allowed behind a front four led by Nik Bonitto and Zach Allen.

The unit returns largely intact, losing John Franklin-Myers and Dre Greenlaw while adding only third-round lineman Tyler Onyedim.

Some sack regression is likely, but Denver should stay among the league's best defenses, and one of the top fantasy defenses as a result.",Nathan,PPR,PFF 2026 PPR season projections,2026-08-26T14:20:48.803565+00:00
,BUF,DEF,103.310,6.077,7.340,204.020,4,294,18,4,168.8,7,,"The Bills were a middling fantasy defense last season, concluding the year above-average in points allowed but generating fewer big plays than a typical unit.

Buffalo let an aging group walk, with nine players who logged at least 200 snaps now unsigned, including Joey Bosa and DaQuan Jones, and none of their free-agent additions graded above 60.0 last season. The plan is clearly youth, with both second-round picks spent on defense in edge rusher T.J.

Parker and cornerback Davison Igbinosun, plus a 2025 class in which Maxwell Hairston, T.J. Sanders and Landon Jackson all topped 500 snaps as rookies. Avoid the Bills early until those young players prove themselves, but the upside is real if the drafting hits.",Nathan,PPR,PFF 2026 PPR season projections,2026-08-26T14:20:48.803565+00:00
Xavier Legette,CAR,WR,103.150,6.068,5.190,201.120,99197,252,91,13,170.6,5,,,Nathan,PPR,PFF 2026 PPR season projections,2026-08-26T14:20:48.803565+00:00
,SF,DEF,103.130,6.066,5.420,203.830,28,296,20,5,168.7,8,,"San Francisco finished with the seventh-worst fantasy defense last season, undone by a league-low 20 sacks despite slightly above-average points allowed.

The rebound case starts with health, as Nick Bosa, Fred Warner and free-agent addition Dre Greenlaw are the three highest-graded 49ers over the past three seasons, and none topped 400 snaps last year.

Five players with at least 500 snaps are gone, with Miami defensive backs Jack Jones and Ashtyn Davis among the veteran replacements. The other swing factor is youth, with six defenders drafted in the first four rounds of 2024 and 2025 in line for big roles, none of whom carries a career PFF grade above 64.0 yet.",Nathan,PPR,PFF 2026 PPR season projections,2026-08-26T14:20:48.803565+00:00
,SEA,DEF,103.110,6.065,5.130,203.820,29,195,2,1,109.7,11,,"The Seahawks were the clear No. 1 fantasy defense last season, averaging nearly a point more than the second-place unit while leading the league in points allowed.

Some pullback is coming, as their seven combined defensive and special teams touchdowns are likely to regress. Also, free agency thinned their depth with safety Coby Bryant, cornerback Riq Woolen and defensive end Boye Mafe all departing.

A bottom-five schedule adds to the headwinds. Between the touchdown regression, the personnel losses and the tougher slate, Seattle should slide from last season's total but still lands as a top-five defense.",Nathan,PPR,PFF 2026 PPR season projections,2026-08-26T14:20:48.803565+00:00
Woody Marks,HOU,RB,102.290,6.017,0.610,204.980,124179,134,48,9,148.9,8,,"Marks took over as both the receiving and lead-rushing back in Houston as a rookie, but the run game struggled behind a still-shaky offensive line, and he graded far better as a receiver than a runner.

The Texans traded for David Montgomery this offseason, and it has been clear he'll lead a one-two punch, likely pushing Marks into more of a passing-down role that should suit him better.

That limits his standalone fantasy value to very deep leagues where a near-even split gives him flex appeal. His main value is as Houston's clear handcuff, a role that could mirror his second-half production last season, when he ranked 32nd in points from Weeks 10 to 18.",Nathan,PPR,PFF 2026 PPR season projections,2026-08-26T14:20:48.803565+00:00
,CLE,DEF,102.160,6.009,5.000,202.860,8,238,16,4,155,11,,"Cleveland finished as the eighth-ranked fantasy defense last season on the strength of 53 sacks — which ranked third — and four defensive touchdowns — tied for the league lead — while grading out as average in most other categories.

The problem is that both of the Browns’ best players are gone, with Myles Garrett (93.0) traded to the Rams and Devin Bush (87.6) signing with Chicago, leaving no returning defender who graded above 80.0.

Jared Verse came back in the Garrett trade, and his 82.2 overall PFF grade makes him the new centerpiece, with Quincy Williams added from the Jets after an injury-shortened 2025. Expect a below-average unit that is only worth streaming in favorable matchups.",Nathan,PPR,PFF 2026 PPR season projections,2026-08-26T14:20:48.803565+00:00
,NYG,DEF,101.240,5.955,5.190,201.950,21,392,27,6,169.5,8,,"The Giants were the fifth-worst fantasy defense last season and reshaped the roster accordingly, trading Dexter Lawrence II for a first-round pick while losing Bobby Okereke, Cor'Dale Flott and Dane Belton, all of whom played more than 700 snaps.

New York brought in 16 players who took a snap elsewhere last season, though only a handful matter. That group is led by defensive tackle DJ Reader, plus fifth overall pick Arvell Reese.

Reese is slated to start immediately, but rookie linebackers rarely transform a defense, and replacing Lawrence with Reader looks more like a downgrade than an upgrade. There isn't much reason to expect a significantly better unit this season.",Nathan,PPR,PFF 2026 PPR season projections,2026-08-26T14:20:48.803565+00:00
,IND,DEF,100.960,5.939,5.890,201.660,14,301,21,5,170.2,13,,"The Colts were the definition of an average fantasy defense last season, and they responded with a near-total overhaul, as 19 players who took a defensive snap in Indianapolis are no longer on the roster.

That group includes starters Kwity Paye, Zaire Franklin and Nick Cross, all of whom graded below 60.0, plus longtime nickel Kenny Moore II. The replacements are underwhelming on paper, with eight veteran additions who all graded under a 64.

0 and rookies CJ Allen and AJ Haulcy both in line to start. The real reason for optimism is a full season of Sauce Gardner after a midseason trade netted just two full games before injury, though average is still the likeliest outcome.",Nathan,PPR,PFF 2026 PPR season projections,2026-08-26T14:20:48.803565+00:00
Tyjae Spears,TEN,RB,100.210,5.895,0.000,202.900,97195,125,43,9,160.3,9,,"Spears was promising in 2023 but has since been slowed by a string of injuries, including two concussions and a high ankle sprain, and his efficiency dipped last season.

He returns to a familiar timeshare with Tony Pollard, who has outgraded him as a rusher while Spears has been the better receiver. A new coaching staff, including hot-hand-friendly coordinator Brian Daboll, adds uncertainty that could reshape the rotation.

Spears out-snapped Pollard in the first two preseason games, suggesting he will have a legitimate opportunity to become the lead back. This makes him an intriguing late round pick.",Nathan,PPR,PFF 2026 PPR season projections,2026-08-26T14:20:48.803565+00:00
,NYJ,DEF,100.110,5.889,5.770,200.820,22,437,30,7,170,13,,"The Jets scored the fewest fantasy points of any defense last season at 47.0, a full 12 behind the second-worst, and they traded away their two best players in Quinnen Williams and Sauce Gardner at midseason.

New York then overhauled the roster, letting eight veterans who all graded below 64.0 walk while adding eight players with at least 380 snaps last season, headlined by T'Vondre Sweat, David Onyemata, Demario Davis and Minkah Fitzpatrick, who each graded at 79.0 or better.

The draft brought more help, with edge rusher David Bailey going second overall and cornerback D'Angelo Ponds in the second round. Last season's numbers mean almost nothing here, and while a below-average unit is the reasonable expectation, the range of outcomes is unusually wide.",Nathan,PPR,PFF 2026 PPR season projections,2026-08-26T14:20:48.803565+00:00
Isiah Pacheco,DET,RB,99.840,5.873,0.230,202.530,83747,161,55,10,163.9,6,,"Pacheco was a productive starter in Kansas City before a fractured fibula in 2024 derailed him, and his PFF grades have dipped notably in the two seasons since. He joins Detroit on a modest deal to replace David Montgomery as Jahmyr Gibbs‘ backup in a role that's been shrinking and produced modest fantasy returns even for Montgomery last season.

Pacheco's added size could carve out some goal-line work, giving him flex appeal in deeper or multi-flex leagues, and his main value is as a handcuff who could become the feature back if Gibbs gets hurt.

That outcome isn't guaranteed, though, since Sione Vaki is a real threat to win the backup job outright in camp and Pacheco is dealing with a sprained MCL which will hold him out for the rest of preseason.",Nathan,PPR,PFF 2026 PPR season projections,2026-08-26T14:20:48.803565+00:00
Kendrick Bourne,ARI,WR,99.510,5.854,1.760,197.470,12270,268,97,14,170,14,,,Nathan,PPR,PFF 2026 PPR season projections,2026-08-26T14:20:48.803565+00:00
,DAL,DEF,99.370,5.845,3.680,200.080,9,362,25,6,166.4,14,,"Dallas was the second-worst fantasy defense last season, allowing the most points and third-most yards in the league, and 10 players with at least 200 snaps are already gone.

The rebuild was aggressive, starting with first-round picks Caleb Downs at No. 11 and Malachi Lawrence at No. 23. Dallas will also get a full season of Quinnen Williams after last year's midseason trade, and his 90.2 grade over the past three years makes him the clear top defender.

Free agency brought four more useful pieces in Rashan Gary, Dee Winters, Cobie Durant and Jalen Thompson, all 29 or younger with at least 650 snaps last season. Expect improvement ranging from modest to dramatic, with a slightly below-average unit the likeliest landing spot.",Nathan,PPR,PFF 2026 PPR season projections,2026-08-26T14:20:48.803565+00:00
Justice Hill,BAL,RB,99.120,5.831,0.000,201.820,45865,229,66,10,170.9,13,,,Nathan,PPR,PFF 2026 PPR season projections,2026-08-26T14:20:48.803565+00:00
Charlie Kolar,LAC,TE,99.010,5.824,20.400,177.620,60917,154,23,7,170,7,,"Kolar spent four years in Baltimore as mostly a blocker, but he graded 10th among tight ends in receiving and sixth in yards per route run over the last two seasons on very limited volume.

The Chargers paid him three years and $24.3 million, and through two preseason games he has worked as the primary receiving option ahead of David Njoku and Oronde Gadsden.

The open question is whether Gadsden takes the obvious passing downs, which we may not learn until after Week 1. He is a worthwhile late-round pick for anyone who already has a safer TE1, with top-12 upside if Gadsden stays buried.",Nathan,PPR,PFF 2026 PPR season projections,2026-08-26T14:20:48.803565+00:00
Michael Mayer,LV,TE,98.810,5.812,20.190,177.420,122906,254,32,9,170.4,13,,,Nathan,PPR,PFF 2026 PPR season projections,2026-08-26T14:20:48.803565+00:00
Alvin Kamara,NO,RB,98.690,5.805,0.030,201.380,11822,158,54,9,160.3,8,bust|injury_history,"Kamara was a perennial top-10 fantasy back on the strength of elite dual-threat grades, but his receiving efficiency has cratered since 2021, and he set career lows in both rushing and receiving grade in 2025 under Kellen Moore, whose offenses have historically suppressed running back value.

New Orleans signed Travis Etienne to lead the backfield, which leaves Kamara as a receiving back and a top backup.

We should expect much less fantasy production compared to recent seasons. His value is primarily as a flex option in very deep leagues and as a handcuff.",Nathan,PPR,PFF 2026 PPR season projections,2026-08-26T14:20:48.803565+00:00
,CHI,DEF,98.620,5.801,3.930,199.320,6,214,10,3,169.4,10,,"The Bears were an above-average fantasy defense last season, overcoming below-average points allowed with a league-leading 23 interceptions.

The unit will look very different in 2026 after losing four players with more than 950 snaps, including Tremaine Edmunds, Jaquan Brisker and Kevin Byard III, though Chicago replaced them well with Devin Bush, Coby Bryant and first-round safety Dillon Thieneman.

The health of cornerbacks Jaylon Johnson and Kyler Gordon, both of whom missed time last season, will go a long way toward determining the ceiling. Treat Chicago as a matchup-based start, with a genuinely wide range of outcomes on either side.",Nathan,PPR,PFF 2026 PPR season projections,2026-08-26T14:20:48.803565+00:00
Ja'Kobi Lane,BAL,WR,98.470,5.792,1.390,196.430,176638,172,65,11,167.4,13,rookie,"Lane is a 6-foot-4 rookie with the hands and toughness to win contested catches and goal-line targets, and he appears to have won Baltimore's competition for the third receiver job. Zay Flowers and Rashod Bateman sit ahead of him, but Bateman has graded at 62.

0 or lower in three of the last four seasons, which leaves a realistic path upward. Bateman is in a legal situation, which could also impact Lane's ability to surpass Bateman on the depth chart.

Catching passes from Lamar Jackson raises the ceiling if that happens. He is worth a late-round pick as a player who probably won't be startable but has a genuinely valuable outcome if he passes Bateman.",Nathan,PPR,PFF 2026 PPR season projections,2026-08-26T14:20:48.803565+00:00
,LV,DEF,97.990,5.764,4.870,198.700,23,452,31,7,169.7,13,,"The Raiders allowed the eighth-most points last season but ranked third-worst in fantasy because they generated so few big plays.

Las Vegas lost linebackers Devin White, Elandon Roberts and Jamal Adams to free agency along with Kyu Blu Kelly and Tyree Wilson, then spent heavily to rebuild the front seven with Nakobe Dean, Quay Walker, Kwity Paye and Taron Johnson before adding five more defenders in the first five rounds of the draft.

The money was real, but the grades are not: Dean leads the group at 72.9 over the past three seasons, and none of the additions profile as difference-makers. The unit should be modestly better, without the kind of immediate leap other bottom-tier defenses might make.",Nathan,PPR,PFF 2026 PPR season projections,2026-08-26T14:20:48.803565+00:00
,TB,DEF,97.890,5.758,3.480,198.590,30,295,19,4,170,10,,"Tampa Bay's defense graded around league average across the board last season, and more of the same looks likely in 2026. Cornerback Jamel Dean and his 80.

7 overall PFF grade left for Pittsburgh, with the two cornerbacks Tampa Bay drafted on Day 2 a year ago now expected to fill that void. Meanwhile, longtime linebacker Lavonte David retired, and three front-four rotation pieces departed.

The Buccaneers restocked up front with veterans and first-round edge rusher Rueben Bain Jr., which should mean an improved front seven paired with a step back in the secondary.",Nathan,PPR,PFF 2026 PPR season projections,2026-08-26T14:20:48.803565+00:00
Jack Bech,LV,WR,97.840,5.755,0.870,195.810,146771,250,90,13,170.3,13,,,Nathan,PPR,PFF 2026 PPR season projections,2026-08-26T14:20:48.803565+00:00
,LAC,DEF,97.820,5.754,3.920,198.530,27,212,8,2,164.3,7,,"The Chargers ranked 14th among fantasy defenses last season, but they played better than that finish suggests.

Los Angeles’ zero defensive touchdowns and league-low fumble recoveries should regress in its favor.

With 10 of 11 starters back, the Chargers should be worth starting more weeks than not.",Nathan,PPR,PFF 2026 PPR season projections,2026-08-26T14:20:48.803565+00:00
,WAS,DEF,97.410,5.730,2.850,198.110,32,422,29,7,170,7,,"No defense allowed more yards than the Commanders last season at 6,533, and they ranked among the bottom six in points allowed and fantasy points. Six players with at least 200 snaps are now free agents, all of them 30 or older, including future Hall of Famers Bobby Wagner and Von Miller.

The headline addition is seventh overall pick Sonny Styles, with free agency bringing high-snap but low-graded players in Nick Cross, Amik Robertson and K'Lavon Chaisson, plus better-graded part-timers in Leo Chenal and Tim Settle.

The youth movement should pay off eventually, but it isn't likely to show up in the standings this season, so avoid Washington unless it outperforms expectations.",Nathan,PPR,PFF 2026 PPR season projections,2026-08-26T14:20:48.803565+00:00
,TEN,DEF,96.240,5.661,2.280,196.950,31,377,26,6,169.9,9,,"The Titans allowed the fifth-most points in the league last season at 478, and their slightly better fantasy finish leaned on four defensive and special teams touchdowns.

The roster has been depleted since, with only seven of the 17 players who logged at least 300 snaps still around, and just Jeffery Simmons and Cedric Gray clearing 400 snaps with a grade above 55.0. Tennessee brought in eight defenders with at least 400 snaps last season, most grading between 61.

0 and 66.0. The headline moves were hiring head coach Robert Saleh as well as drafting Keldric Faulk 31st overall and Anthony Hill Jr. in the second round. This will take time to come together, so leave the Titans on the waiver wire.",Nathan,PPR,PFF 2026 PPR season projections,2026-08-26T14:20:48.803565+00:00
Malachi Fields,NYG,WR,96.160,5.656,0.210,194.130,151069,184,72,12,169.9,8,rookie,"Fields is a 6-foot-4, 222-pound X receiver taken 74th overall with excellent hands, blocking and toughness that fit a John Harbaugh offense. However, his college receiving grades were good rather than great, and he profiled better against zone than man.

He lands in a crowded New York room behind Malik Nabers, Darius Slayton and a wave of free-agent additions. In the second preseason game, Fields only played on the first drive.

The one remaining challenger for playing time is Mooney. Fields is a fine late round dart throw, as he has the most upside for any wide receiver on the Giants other than Nabers.",Nathan,PPR,PFF 2026 PPR season projections,2026-08-26T14:20:48.803565+00:00
Zachariah Branch,ATL,WR,95.510,5.618,0.010,193.470,174142,258,93,13,170.8,11,rookie,,Nathan,PPR,PFF 2026 PPR season projections,2026-08-26T14:20:48.803565+00:00
Jahan Dotson,ATL,WR,94.960,5.586,0.000,192.920,84375,227,83,12,170.6,11,,"Dotson has spent two seasons as an afterthought in Philadelphia, drawing targets on 7.8% of his routes, the lowest rate among 132 qualifying receivers.

Atlanta signed him to a two-year deal, and he has worked as the clear No. 2 behind Drake London throughout camp and the preseason, but Kyle Pitts and Bijan Robinson still sit ahead of him in the target order.

He is a late-round dart throw in deeper leagues, valuable mainly as insurance if one of those three miss time.",Nathan,PPR,PFF 2026 PPR season projections,2026-08-26T14:20:48.803565+00:00
Brian Robinson,ATL,RB,94.670,5.569,0.000,197.360,57120,151,53,9,164.7,11,,"Robinson was a productive early-down lead back in Washington but saw his role collapse after a preseason trade to San Francisco, where he sat behind an healthy Christian McCaffrey.

He signs with Atlanta as the clear backup to Bijan Robinson under new coach Kevin Stefanski, whose scheme has historically favored an early-down runner, though Bijan Robinson is locked in for passing-down work.

His standalone value is limited unless the offense overperforms, and the biggest question is how goal-line carries get split. His real appeal is handcuff value, since he'd likely inherit a starter's workload if Bijan Robinson missed time.",Nathan,PPR,PFF 2026 PPR season projections,2026-08-26T14:20:48.803565+00:00
,MIN,DEF,94.460,5.556,2.860,195.160,18,233,13,3,168.7,6,,"The Vikings ranked fifth among fantasy defenses last season, though regression is coming after they led the league with 13 fumble recoveries and added two defensive touchdowns.

Minnesota lost four players with more than 500 snaps, including Jonathan Allen, Javon Hargrave, Jonathan Greenard and longtime safety Harrison Smith, while James Pierre was the only notable free-agent addition.

The Vikings instead rebuilt through the draft, taking four defenders in the first two days, led by first-rounder Caleb Banks. That should pay off long term, but a slow start is possible while the rookies get up to speed.",Nathan,PPR,PFF 2026 PPR season projections,2026-08-26T14:20:48.803565+00:00
Darren Waller,CAR,TE,93.860,5.521,15.250,172.480,9637,146,19,7,170.3,5,bust,"Waller was a top-three fantasy tight end in 2019 and 2020, and even through the injuries that followed he has kept producing at a high level whenever he is on the field, grading out second among tight ends in receiving last season.

The problem is that he is rarely on the field. He has missed at least five games in five straight seasons and turns 34 before Week 1.

He signed with the Carolina Panthers during training camp to take the receiving tight end role, and while the offense around him is unlikely to be good, that has never stopped him before. He is a late-round dart throw who cannot be trusted as a season-long starter but should deliver usable weeks.",Nathan,PPR,PFF 2026 PPR season projections,2026-08-26T14:20:48.803565+00:00
,NO,DEF,93.340,5.491,1.710,194.050,20,317,22,5,170.3,8,,"The Saints ranked 12th in fantasy points last season, helped by three defensive touchdowns and 10 fumble recoveries, which tied for fourth-most, though they were only average in points allowed against one of the league's easiest schedules.

New Orleans then lost linebacker Demario Davis and his 89.2 grade over the past three seasons, along with starting cornerback Alontae Taylor to Tennessee. Kaden Elliss returns from Atlanta to take over for Davis, and his 75.

4 three-year grade is solid without matching what Davis provided, while the 2025 mid-round picks will be counted on at cornerback. Some regression is coming regardless of the roster, and these changes tilt New Orleans toward a step back.",Nathan,PPR,PFF 2026 PPR season projections,2026-08-26T14:20:48.803565+00:00
Jaylin Noel,HOU,WR,93.070,5.475,0.000,191.030,125155,266,96,13,171.5,8,,"Noel outgraded Christian Kirk on a per-route basis as a rookie despite a smaller role, and Kirk's departure opens the door for Noel to take over the slot. The problem is that the path to playing time remains difficult.

Ideally, Noel would have spent training camp also playing Z in two wide receiver sets, but injuries prevented him from participation in most of training camp. Houston added tight ends which point toward more two-tight-end sets that would shrink Noel’s snaps further.

That combination caps his floor and his ceiling unless he seizes the clear No. 2 role. He is an okay deeper-league target as a talented young receiver in a strong offense.",Nathan,PPR,PFF 2026 PPR season projections,2026-08-26T14:20:48.803565+00:00
,ATL,DEF,92.280,5.428,1.960,192.990,2,237,15,4,170.1,11,,"The Falcons finished as the 11th-best fantasy defense last season on the strength of big plays, ranking second with 57 sacks and sixth with 16 interceptions despite sitting below-average in points allowed.

Atlanta lost two front-seven contributors in Kaden Elliss and David Onyemata, both of whom graded above 75.0 over the past three seasons, and none of the replacements brought in exceeded 500 snaps or a 70.

0 grade last season. Edge rusher James Pearce Jr. was suspended for thalf the season while Jalon Walker is out for the year with a torn ACL, moving Atlanta from a likely weekly start to a situational one.",Nathan,PPR,PFF 2026 PPR season projections,2026-08-26T14:20:48.803565+00:00
,CAR,DEF,92.100,5.418,1.990,192.800,5,333,23,5,169.8,5,,"While the defense might be better, the schedule is more difficult.

The Panthers have the sixth-worst schedule for defenses, according to our strength of schedule tool.

There might only be a few weeks where it makes sense to put Carolina in a fantasy starting lineup in a standard 12-team league, even if the Panthers finish among the top 20 most weeks.",Nathan,PPR,PFF 2026 PPR season projections,2026-08-26T14:20:48.803565+00:00
Demario Douglas,NE,WR,91.980,5.411,0.000,189.940,104155,190,77,12,170.1,11,,"Douglas carved out the Patriots' slot role as a rookie and grew into a 66-target season in 2024 before Stefon Diggs and a heavy dose of 12 personnel cut his snap rate to 26.

3% in 2025. The talent never went anywhere, as his PFF receiving grade hit a career high and his 1.64 yards per route run over the last three seasons ranks 38th among wide receivers.

New England has since cleared out Diggs and Kayshon Boutte, and camp reports have Douglas on the field whenever the offense is in 11 personnel, with Josh McDaniels calling the plays. He is still tied to a single personnel grouping, but he is worth a late-round pick in deeper leagues.",Nathan,PPR,PFF 2026 PPR season projections,2026-08-26T14:20:48.803565+00:00
Rashod Bateman,BAL,WR,91.270,5.369,0.000,189.240,84296,228,84,12,171.2,13,,"Bateman has been the Ravens' X receiver for five seasons but has never turned the role into fantasy production, ranking near the bottom of the league in both target rate and yards per route run last season.

Baltimore keeps adding receivers who can play his position, including two more in the 2026 draft. Bateman is facing a legal situation which could result in him missing some time this season.

The case for Bateman is thin but real: A new coaching staff, a starting job alongside an MVP quarterback and a nine-touchdown season on his resume from 2024. He is a deeper-league option only, with an outside chance at flex value.",Nathan,PPR,PFF 2026 PPR season projections,2026-08-26T14:20:48.803565+00:00
Germie Bernard,PIT,WR,90.860,5.345,0.000,188.820,158374,230,85,12,171.3,9,rookie,"Bernard is a versatile, well-rounded receiver with no glaring weaknesses but no elite trait either, and he landed in Pittsburgh behind D.K.

Metcalf and Michael Pittman Jr. He will battle Roman Wilson for the third receiver job, and recent history suggests Day 2 rookies do not always seize those roles immediately.

Even if Bernard wins it, the volume likely will not be there for fantasy without an injury ahead of him. He is a speculative late-round pick in deep leagues with more appeal in dynasty, given the uncertainty around both veterans' futures in Pittsburgh.",Nathan,PPR,PFF 2026 PPR season projections,2026-08-26T14:20:48.803565+00:00
Tank Bigsby,PHI,RB,90.780,5.340,0.000,193.470,123974,138,49,9,169.2,10,,"Bigsby carved out a legitimate role in Philadelphia last season after losing his job in Jacksonville, flashing with a 104-yard game in Week 8 and 16-to-17-carry outings late in the year on the way to becoming Saquon Barkley's primary backup.

His efficiency numbers were notably better than Barkley's, with a higher rushing grade and more yards after contact, which could mean a bigger workload this season, though that mainly matters in very deep leagues.

He's the clear handcuff to Barkley, but his almost nonexistent receiving production (11 catches in 50 career games) means a Barkley injury wouldn't be a clean hand-down, since Will Shipley would likely absorb passing-game work, making Bigsby a lesser standalone option than his per-touch efficiency suggests.",Nathan,PPR,PFF 2026 PPR season projections,2026-08-26T14:20:48.803565+00:00
,MIA,DEF,90.520,5.325,1.940,191.230,17,408,28,7,169.5,6,,"Miami ranked below-average in every major defensive metric last season without ever bottoming out. The roster has since been gutted, particularly in the secondary, where all five of the Dolphins’ top defensive backs by snap count are gone.

The replacements are thin, with former Titans cornerback Darrell Baker Jr. the only free-agent addition who started last season and everyone else compiling 350 snaps or fewer, though first-round cornerback Chris Johnson should start right away.

New head coach Jeff Hafley, a longtime defensive backs coach, is the primary reason for optimism, but that improvement will take time. Avoid the Dolphins early in the season.",Nathan,PPR,PFF 2026 PPR season projections,2026-08-26T14:20:48.803565+00:00
Andrei Iosivas,CIN,WR,89.510,5.265,0.000,187.480,109811,260,94,13,170.1,6,,,Nathan,PPR,PFF 2026 PPR season projections,2026-08-26T14:20:48.803565+00:00
,ARI,DEF,89.010,5.236,1.130,189.720,1,468,32,7,169.8,14,,"Arizona ranked among the bottom six in points allowed, yards allowed and fantasy points last season, without a single player clearing 600 snaps and a 70.0 grade.

Unlike most bottom-tier defenses, the Cardinals neither spent big in free agency nor invested draft capital, losing Calais Campbell, Dalvin Tomlinson, Akeem Davis-Gaither and Jalen Thompson while adding only Andrew Wingard, Jack Gibbens and Andrew Billings, none of whom graded above 64.

0. Just two of their draft picks went to defense, both on Day 3, and defensive coordinator Nick Rallis was retained despite the head coaching change. There is little here to suggest improvement, so Arizona is a defense to avoid.",Nathan,PPR,PFF 2026 PPR season projections,2026-08-26T14:20:48.803565+00:00
Najee Harris,NYG,RB,88.810,5.224,0.000,191.500,57121,124,42,9,170,8,,"Harris spent four healthy seasons as Pittsburgh's lead back, finishing around RB20 annually on volume rather than efficiency, before a torn Achilles cut short his one year with the Los Angeles Chargers.

He signed with the New York Giants in the middle of training camp, reuniting with the coaching staff that faced him twice a year in Baltimore and fitting the big-back profile John Harbaugh has always favored.

He joins a crowded backfield led by Cam Skattebo, but his size should earn him rotational and goal-line work, and he has a real path to the lead role if Skattebo's own injury recovery stalls. He is a handcuff with modest upside but a better-than-usual chance at standalone flex value.",Nathan,PPR,PFF 2026 PPR season projections,2026-08-26T14:20:48.803565+00:00
Darnell Mooney,NYG,WR,88.040,5.179,0.000,186.010,48236,242,87,13,170.5,8,,"Mooney has been a steady starter but rarely a fantasy factor across six NFL seasons, and his modest one-year deal with the Giants drops him into a crowded receiver room behind Malik Nabers, with Darius Slayton, Malachi Fields and Odell Beckham Jr. likely fighting for outside snaps.

Mooney’s best path to playing time is the slot, where his familiarity with new coordinator Matt Nagy from their Chicago years and relatively light competition there make him the favorite.

That alone likely isn't enough for fantasy relevance, but Nabers' ACL and meniscus recovery is the wild-card: If Nabers isn't ready for Week 1, Mooney could briefly become the offense's top receiving weapon. He's a sensible late-round dart, especially for managers banking on rookies or other receivers who could start slowly.",Nathan,PPR,PFF 2026 PPR season projections,2026-08-26T14:20:48.803565+00:00
Cyrus Allen,KC,WR,87.630,5.155,0.000,185.590,156582,222,80,12,169.5,5,rookie,"Allen bounced through four college seasons across three schools before a move to the slot at Cincinnati produced 12 touchdowns and a 2.42 yards per route run mark, which the Kansas City Chiefs bought into with a fifth-round pick.

Injuries to Rashee Rice and Xavier Worthy have handed him extensive first-team work all summer, and he has drawn steady praise along with apparent trust from Patrick Mahomes.

He should open the season fourth on the depth chart with real snaps but not enough volume to start in fantasy. He is a late-round flier whose payoff, if it comes, is likelier to arrive in the back half of the season than the front.",Nathan,PPR,PFF 2026 PPR season projections,2026-08-26T14:20:48.803565+00:00
Isaiah Williams,NYJ,WR,84.250,4.956,0.000,182.210,97156,352,127,15,170,13,,,Nathan,PPR,PFF 2026 PPR season projections,2026-08-26T14:20:48.803565+00:00
Isaac TeSlaa,DET,WR,83.970,4.939,0.000,181.930,172430,231,86,13,170.3,6,,"TeSlaa flashed late as a rookie, catching 12 passes with four touchdowns over his final six games once injuries opened up playing time. He moves up to third on the depth chart with Kalif Raymond gone, but the target competition in Detroit is brutal, with Amon-Ra St. Brown, Jameson Williams, Jahmyr Gibbs and Sam LaPorta all ahead of him.

His calling card is scoring, converting six of 16 career catches into touchdowns thanks to a size advantage over Detroit's other pass-catchers. He is a spike-week option whose real value would come if a Lions receiver were to miss extended time.

Reviews in training camp have been mixed, and he played with the backups during the first two preseason games, suggesting his job as the third wide receiver might not be secure.",Nathan,PPR,PFF 2026 PPR season projections,2026-08-26T14:20:48.803565+00:00
Dontayvion Wicks,PHI,WR,83.450,4.909,0.000,181.420,99711,166,64,11,170.7,10,,"Wicks was a talented but flawed depth piece in Green Bay, grading as the worst of a deep receiver room while registering elite tackle-avoidance alongside too many drops and fumbles.

A trade to Philadelphia gives him a clearer path: With A.J. Brown and Jahan Dotson gone, he projects as the Eagles' X receiver opposite DeVonta Smith next to rookie Makai Lemon in the slot.

Smith is the clear top target and Lemon could emerge as the second option, but if the rookie is limited to three-receiver sets, Wicks' every-down role gives him a route to relevance. In a good Eagles offense that has supported two fantasy receivers, he is worth a late-round pick in deeper leagues.",Nathan,PPR,PFF 2026 PPR season projections,2026-08-26T14:20:48.803565+00:00
Tyquan Thornton,KC,WR,82.340,4.844,0.000,180.310,78092,248,89,13,170.4,5,,,Nathan,PPR,PFF 2026 PPR season projections,2026-08-26T14:20:48.803565+00:00
Joshua Palmer,BUF,WR,80.150,4.715,0.000,178.110,62979,262,95,13,169.9,7,,,Nathan,PPR,PFF 2026 PPR season projections,2026-08-26T14:20:48.803565+00:00
Roman Wilson,PIT,WR,78.710,4.630,0.000,176.670,129604,256,92,13,170,9,,,Nathan,PPR,PFF 2026 PPR season projections,2026-08-26T14:20:48.803565+00:00
Pat Bryant,DEN,WR,78.600,4.624,0.000,176.560,144800,191,78,12,170.6,10,,"Bryant carved out a steady slot role as a rookie, playing half the snaps from Week 5 on, though he cleared 50 yards only once and scored just one touchdown.

The Broncos then traded a first-round pick for Jaylen Waddle, which caps the upside for everyone behind him, and Bryant projects as the third receiver in three-wide sets.

His real path is at X, where Courtland Sutton‘s contract could become expendable after this season and where the two graded closer than the depth chart suggests. He is a late-round dart throw whose usage is worth tracking week to week.",Nathan,PPR,PFF 2026 PPR season projections,2026-08-26T14:20:48.803565+00:00
Darius Slayton,NYG,WR,77.780,4.575,0.000,175.740,25578,291,107,14,170.5,8,,,Nathan,PPR,PFF 2026 PPR season projections,2026-08-26T14:20:48.803565+00:00
Ty Johnson,BUF,RB,77.110,4.536,0.000,179.810,45769,265,76,10,170.6,7,,,Nathan,PPR,PFF 2026 PPR season projections,2026-08-26T14:20:48.803565+00:00
Tank Dell,HOU,WR,76.250,4.485,0.000,174.210,78874,310,111,14,155.6,8,injury_history,"Dell looked like a legitimate fantasy starter as a rookie in 2023 before a quiet second season ended with a knee injury severe enough to cost him all of 2025 as well.

He is easing back into practice now, and Jayden Higgins‘ season-ending ACL injury cleared much of the traffic that had been blocking his path to snaps.

Xavier Hutchinson is the favorite to open the season in that role, but the job is winnable if Dell's health cooperates. He is worth a late-round pick as a patience play, with most of his value likely arriving in the second half of the season.",Nathan,PPR,PFF 2026 PPR season projections,2026-08-26T14:20:48.803565+00:00
Samaje Perine,CIN,RB,76.140,4.479,0.000,178.830,11869,223,64,10,171,6,bust,"Perine has spent most of his career as a third-down specialist, including an earlier Cincinnati stint from 2020 to 2022 behind Joe Mixon, with stops in Denver and Kansas City before returning in 2025. He saw more early-down work as last season progressed, partly because of early struggles from Chase Brown, including two 14-carry games against the Baltimore Ravens.

He is unlikely to hold standalone value unless the Bengals are blowing teams out, but he would probably lead the backfield if Brown were to get hurt, with only 2025 sixth-round pick Tahj Brooks behind him.

That handcuff appeal, in a quality offense where the staff clearly trusts him, makes Perine a late-round option in deeper leagues where most backup running backs are rostered.",Nathan,PPR,PFF 2026 PPR season projections,2026-08-26T14:20:48.803565+00:00
Colby Parkinson,LAR,TE,75.630,4.449,0.010,154.240,52266,264,33,9,170.4,11,,,Nathan,PPR,PFF 2026 PPR season projections,2026-08-26T14:20:48.803565+00:00
Elijah Arroyo,SEA,TE,75.070,4.416,0.000,153.680,143933,355,43,9,169.9,11,,,Nathan,PPR,PFF 2026 PPR season projections,2026-08-26T14:20:48.803565+00:00
Omar Cooper Jr.,NYJ,WR,74.600,4.388,0.000,172.560,156395,188,75,12,171.2,13,rookie,"A well-balanced slot receiver who can also handle the Z, Cooper was the second pass catcher the Jets took on the opening day of the 2026 draft. The fit is awkward, though, as Garrett Wilson occupies the same Z/slot territory and Adonai Mitchell is the clear X, leaving the rookie to compete for three-receiver-set snaps.

Cooper was a backup in the first preseason game, but took over as the primary slot receiver in 11 personnel in the second game. Cooper will likely need significant snaps in two wide receiver sets to reach fantasy value.

Luckily, he took snaps for Adonai Mitchell with the starters, and continued to take snaps as an outside receiver with the backups. He is a fine late round target.",Nathan,PPR,PFF 2026 PPR season projections,2026-08-26T14:20:48.803565+00:00
Olamide Zaccheaus,ATL,WR,74.140,4.361,0.000,172.100,44920,270,98,14,170,11,,,Nathan,PPR,PFF 2026 PPR season projections,2026-08-26T14:20:48.803565+00:00
Troy Franklin,DEN,WR,73.280,4.311,0.000,171.250,146567,272,99,14,170.2,10,,,Nathan,PPR,PFF 2026 PPR season projections,2026-08-26T14:20:48.803565+00:00
MarShawn Lloyd,GB,RB,72.000,4.235,0.000,174.690,124247,142,51,9,170.4,11,,"Lloyd has been a ghost through two NFL seasons, with hamstring, ankle and appendicitis issues limiting him to a small role in a single regular-season game.

Green Bay still appears to view him as the primary backup behind Josh Jacobs, with the depth chart thin enough that no one is clearly ahead of him. That matters because Jacobs is a proven top-10 back, and an injury or suspension would hand Lloyd a genuinely valuable role.

The injury risk is obvious and the Packers could always add competition, making him a late-round target, as long as the Packers don't add to their running back room.",Nathan,PPR,PFF 2026 PPR season projections,2026-08-26T14:20:48.803565+00:00
David Njoku,LAC,TE,71.360,4.198,0.000,149.970,11784,289,36,9,169.6,7,,,Nathan,PPR,PFF 2026 PPR season projections,2026-08-26T14:20:48.803565+00:00
Tyler Allgeier,ARI,RB,70.930,4.172,0.000,173.620,83639,132,47,9,164.2,14,,"Allgeier was strong early as a rookie but was stuck behind Bijan Robinson, settling into a short-yardage role that lowered his yards per carry while keeping his success rate strong.

He signed with Arizona hoping to lead the backfield, only for the Cardinals to draft Jeremiyah Love, and a worse offensive line makes it a tougher spot than Atlanta. The one bit of hope is that the split is unsettled, and early-round backs don't always dominate immediately, as David Montgomery showed alongside Jahmyr Gibbs in Detroit.

Love has a high ankle sprain, increasing the chances Allgeier is a factor early in the season. Allgeier is a deeper-league flex option, but in smaller leagues, there are better-situated handcuffs to target.",Nathan,PPR,PFF 2026 PPR season projections,2026-08-26T14:20:48.803565+00:00
Theo Johnson,NYG,TE,70.580,4.152,0.000,149.190,129787,346,42,9,170.2,8,,,Nathan,PPR,PFF 2026 PPR season projections,2026-08-26T14:20:48.803565+00:00
Ted Hurst,TB,WR,69.470,4.086,0.000,167.430,187922,192,79,12,170.2,10,rookie,"Hurst is a contested-catch X receiver who was picked by Tampa Bay in the third round. While a room that includes Emeka Egbuka, Chris Godwin and Jalen McMillan looks crowded, coordinator Zac Robinson has hinted at an alignment shuffle that would open the X spot for Hurst.

Robinson compared him to Odell Beckham Jr. in the Rams' Super Bowl season, a lane that produced seven touchdowns in 12 games despite inconsistent yardage.

With Mike Evans gone, there is a path to Hurst inheriting the contested end-zone targets that made Evans a touchdown machine. He is not typically the kind of rookie worth drafting, but continued camp buzz would make him a late-round sleeper.",Nathan,PPR,PFF 2026 PPR season projections,2026-08-26T14:20:48.803565+00:00
Erick All,CIN,TE,67.670,3.981,0.000,146.280,52595,321,39,9,170.1,6,,,Nathan,PPR,PFF 2026 PPR season projections,2026-08-26T14:20:48.803565+00:00
Braelon Allen,NYJ,RB,66.990,3.941,0.000,169.680,145159,169,56,10,170.8,13,,"Allen is buried in a three-back committee behind Breece Hall, with his role further squeezed by Isaiah Davis, and an MCL sprain ended his 2025 after just three-plus games.

Head coach Aaron Glenn still plans a three-headed rotation, so his snap share projects around 25-30% again. The path to standalone value runs through his size, since at a reported 250 pounds he profiles as the goal-line back and could produce if the offense overachieves.

Failing that, his main value is as the primary handcuff to Hall, who is currently dealing with a groin strain, and has a chance of missing Week 1.",Nathan,PPR,PFF 2026 PPR season projections,2026-08-26T14:20:48.803565+00:00
Mason Taylor,NYJ,TE,66.330,3.902,0.000,144.940,157122,274,34,9,170.1,13,,,Nathan,PPR,PFF 2026 PPR season projections,2026-08-26T14:20:48.803565+00:00
Treylon Burks,WAS,WR,65.660,3.862,0.000,163.620,99218,225,82,12,170,7,,,Nathan,PPR,PFF 2026 PPR season projections,2026-08-26T14:20:48.803565+00:00
Bryce Lance,NO,WR,64.900,3.818,0.000,162.860,148151,287,105,14,170,8,rookie,,Nathan,PPR,PFF 2026 PPR season projections,2026-08-26T14:20:48.803565+00:00
Dawson Knox,BUF,TE,64.890,3.817,0.000,143.500,35883,364,44,9,169.7,7,,,Nathan,PPR,PFF 2026 PPR season projections,2026-08-26T14:20:48.803565+00:00
Devontez Walker,BAL,WR,64.290,3.782,0.000,162.250,145773,335,120,15,170,13,,,Nathan,PPR,PFF 2026 PPR season projections,2026-08-26T14:20:48.803565+00:00
Darnell Washington,PIT,TE,64.110,3.771,0.000,142.720,124044,312,38,9,169.6,9,,,Nathan,PPR,PFF 2026 PPR season projections,2026-08-26T14:20:48.803565+00:00
Marquise Brown,PHI,WR,63.530,3.737,0.000,161.490,61568,282,103,14,170,10,,,Nathan,PPR,PFF 2026 PPR season projections,2026-08-26T14:20:48.803565+00:00
Chimere Dike,TEN,WR,63.400,3.729,0.000,161.370,129918,327,118,15,170.1,9,,,Nathan,PPR,PFF 2026 PPR season projections,2026-08-26T14:20:48.803565+00:00
Chris Bell,MIA,WR,62.980,3.705,0.000,160.940,156321,326,117,15,170.5,6,rookie,,Nathan,PPR,PFF 2026 PPR season projections,2026-08-26T14:20:48.803565+00:00
Noah Gray,KC,TE,62.810,3.695,0.000,141.420,60878,372,45,10,169.9,5,,,Nathan,PPR,PFF 2026 PPR season projections,2026-08-26T14:20:48.803565+00:00
Mike Washington Jr.,LV,RB,60.900,3.582,0.000,163.590,145672,130,46,9,164.8,13,rookie,"Washington is a rare 6-foot-2, 228-pound power back who lands in Las Vegas with a clear path to the No. 2 job behind Ashton Jeanty, since both primary backups from last season are gone.

His size gives him a plausible claim to goal-line work, the kind of role that carries real touchdown value even in a limited snap share. He also profiles as Jeanty's handcuff. Jeanty suffered an ankle sprain on Aug. 23.

It's unclear if Jeanty will be ready to go for Week 1 or if he will miss some time. Washington could quickly move up draft boards if it becomes known that Jeanty will miss some time, as Washington would be a top-24 option at running back for as long as Jeanty is out.",Nathan,PPR,PFF 2026 PPR season projections,2026-08-26T14:20:48.803565+00:00
George Holani,SEA,RB,59.710,3.512,3.160,162.400,72154,180,61,10,170.3,11,,"An undrafted free agent in 2024, he spent his first two seasons on special teams and as a third-string back before Zach Charbonnet's playoff ACL tear pushed him into the second running back role for the conference championship game and Super Bowl, where he handled third downs and two-minute work.

Kenneth Walker III is now gone and Charbonnet is still recovering, leaving first-round rookie Jadarian Price as the primary competition, with Price expected to handle early downs and Holani third downs until Charbonnet returns.

Winning the goal-line carries or beating out Price in camp would put him in flex range. He is unlikely to matter for long, but he is the cheapest back you can draft and plausibly start in Week 1.",Nathan,PPR,PFF 2026 PPR season projections,2026-08-26T14:20:48.803565+00:00
Marvin Mims Jr.,DEN,WR,59.470,3.498,0.000,157.430,122937,322,115,15,170.2,10,,,Nathan,PPR,PFF 2026 PPR season projections,2026-08-26T14:20:48.803565+00:00
Shedeur Sanders,CLE,QB,58.880,3.464,0.000,178.260,131396,313,34,7,169.6,11,,"Sanders went from a projected top pick to a fifth-round selection in the 2025 NFL Draft and averaged 13.2 fantasy points per game over his final seven starts, hampered by both low passing volume and a league-worst 45.5 offensive grade among quarterbacks with at least 300 snaps.

Cleveland has since invested heavily in the offense, drafting wide receivers KC Concepcion and Denzel Boston in the first two rounds while rebuilding the offensive line, and the trade of Myles Garrett could force the Browns into more pass-heavy game scripts.

If Sanders wins the starting job, there is a path to QB2 value in superflex leagues. The challenge is that he is competing with Deshaun Watson, and with two first-round picks in next year's draft, Cleveland remains well positioned to select another quarterback, leaving no one's hold on the job particularly secure.",Nathan,PPR,PFF 2026 PPR season projections,2026-08-26T14:20:48.803565+00:00
Isaiah Davis,NYJ,RB,58.820,3.460,0.000,161.520,138299,271,79,10,170.5,13,,,Nathan,PPR,PFF 2026 PPR season projections,2026-08-26T14:20:48.803565+00:00
DJ Giddens,IND,RB,58.100,3.418,0.000,160.790,144595,290,85,11,170.3,13,,,Nathan,PPR,PFF 2026 PPR season projections,2026-08-26T14:20:48.803565+00:00
KaVontae Turpin,DAL,WR,57.280,3.369,0.000,155.240,47658,343,124,15,169.9,14,,,Nathan,PPR,PFF 2026 PPR season projections,2026-08-26T14:20:48.803565+00:00
Jake Tonges,SF,TE,57.100,3.359,30.670,135.720,60864,329,40,9,170.4,8,,,Nathan,PPR,PFF 2026 PPR season projections,2026-08-26T14:20:48.803565+00:00
Jaylen Wright,MIA,RB,56.940,3.349,0.000,159.640,146934,174,59,10,170.5,6,,"Wright spent his rookie year buried in a crowded Miami backfield before taking over as the primary backup midway through last season, with a 107-yard game in Week 14 as the highlight.

He appears to have held that job into this year, playing as the clear second back in the first two preseason games while Ollie Gordon II worked deeper into the game with the reserves.

He has little standalone value behind De'Von Achane, and the offense around him limits his appeal relative to other handcuffs, but he would step into a top-30 role immediately if Achane went down.",Nathan,PPR,PFF 2026 PPR season projections,2026-08-26T14:20:48.803565+00:00
Tyrone Tracy,NYG,RB,56.450,3.321,0.000,159.140,84226,308,87,11,169.6,8,sleeper,"Tracy has started 23 of 34 possible games over his first two seasons, an impressive feat for a former fifth-round pick. His fantasy production, however, has been heavily dependent on volume and touchdowns, while his efficiency grades rank near the bottom among running backs with at least 250 carries.

He had already lost the starting job to Cam Skattebo before Skattebo’s season-ending injury, and Skattebo appears on track for Week 1 after starting the Giants’ preseason opener. Tracy’s outlook became even murkier with the addition of Najee Harris, putting him at risk of falling further down the depth chart.

Tracy could carve out a role on passing downs, though New York could prefer another back in pass protection. At this point, a trade to a running back-needy team might offer Tracy his best path to renewed fantasy relevance.",Nathan,PPR,PFF 2026 PPR season projections,2026-08-26T14:20:48.803565+00:00
Eli Stowers,PHI,TE,55.730,3.278,0.000,134.340,147013,449,54,10,170,10,rookie,"Stowers brings rare athleticism and receiving production to the position, earning a 91.4 career PFF receiving grade at Vanderbilt that surpasses several recent first-round tight ends. He also tested in the 95th percentile in multiple combine drills. His sub-240-pound frame is the primary concern, though recent undersized tight ends such as Harold Fannin Jr. have shown that smaller players can still thrive at the position.

Stowers will begin his career behind Dallas Goedert, but with Goedert turning 32 and playing on a reduced contract, the rookie looks like a potential successor in 2027 and beyond. Philadelphia has produced a top-12 fantasy tight end in seven consecutive seasons, making the long-term opportunity particularly appealing. The immediate outlook is less exciting.

Stowers could rank third among Philadelphia's tight ends in snaps as a rookie, with blocking-oriented options potentially playing ahead of him. Barring a Goedert injury or a standout training camp, Stowers is unlikely to make a significant fantasy impact in 2026, but he profiles as one of the better tight end handcuffs in deeper leagues.",Nathan,PPR,PFF 2026 PPR season projections,2026-08-26T14:20:48.803565+00:00
Xavier Hutchinson,HOU,WR,55.720,3.278,0.000,153.680,122518,288,106,14,170.2,8,,,Nathan,PPR,PFF 2026 PPR season projections,2026-08-26T14:20:48.803565+00:00
Emari Demercado,KC,RB,55.100,3.241,0.000,157.790,77763,245,68,10,170.4,5,,,Nathan,PPR,PFF 2026 PPR season projections,2026-08-26T14:20:48.803565+00:00
Jonah Coleman,DEN,RB,54.060,3.180,0.000,156.750,158717,170,57,10,169.4,10,rookie,"Coleman is an unusual back, short and thick at 5-foot-8 and 228 pounds, with excellent contact balance plus receiving and pass-protection ability. He joined a deep Denver room, where J.K.

Dobbins, RJ Harvey, Tyler Badie and Jaleel McLaughlin all return, and the likeliest outcome is a three-man committee with an unpredictable snap split. He was the third back based on the first preseason game.

Coleman’s pass-protection skill gives him a plausible path to third-down work, and Dobbins' injury history leaves a route to a bigger role. But Sean Payton's history with backs like Mark Ingram suggests a slow build, making Coleman a late-round deep-league pick rather than a 2026 contributor.",Nathan,PPR,PFF 2026 PPR season projections,2026-08-26T14:20:48.803565+00:00
Justin Fields,KC,QB,53.220,3.131,0.000,172.600,82118,340,37,8,170,5,,,Nathan,PPR,PFF 2026 PPR season projections,2026-08-26T14:20:48.803565+00:00
Tory Horton,SEA,WR,52.890,3.111,0.000,150.860,128232,315,113,15,170.3,11,,,Nathan,PPR,PFF 2026 PPR season projections,2026-08-26T14:20:48.803565+00:00
Kaelon Black,SF,RB,52.880,3.111,0.000,155.570,138448,183,62,10,170.4,8,rookie,"Black has the athletic profile of a three-down back, with above-average speed, acceleration and change of direction for this class, and his zone-heavy running style is a clean fit for Kyle Shanahan's scheme.

The concerns are a lack of receiving production and some hesitation identifying lanes in power concepts. He was the only back taken on Day 2 and has a serious chance to win the backup job over Jordan James and Isaac Guerendo.

All three have dealt with injuries during training camp, but only Black was healthy enough for their second preseason game. Given McCaffrey's injury history, whoever wins that job carries standalone value, making Black a late-round sleeper.",Nathan,PPR,PFF 2026 PPR season projections,2026-08-26T14:20:48.803565+00:00
Malik Davis,DAL,RB,52.760,3.104,0.000,155.450,57196,241,67,10,170,14,,,Nathan,PPR,PFF 2026 PPR season projections,2026-08-26T14:20:48.803565+00:00
Kalif Raymond,CHI,WR,52.630,3.096,0.000,150.600,11028,280,102,14,170,10,bust,,Nathan,PPR,PFF 2026 PPR season projections,2026-08-26T14:20:48.803565+00:00
Ray Davis,BUF,RB,52.310,3.077,0.000,155.000,101072,171,58,10,170.9,7,,"Davis is locked into a three-man Buffalo backfield behind James Cook, and his usage actually shrank in 2025, with seven games without a carry and nearly half his season rushing total coming in a Week 18 blowout.

He should see more work this season, but not enough to start in most leagues. His real value is as Cook's handcuff, and the flashes are there, including a 20-carry, 97-yard game plus 55 receiving yards when Cook missed Week 6 as a rookie.

If Cook were to miss time, Davis would likely lead the backfield in one of the league's best offenses, making him a must-start and one of the more appealing pure handcuffs in fantasy.",Nathan,PPR,PFF 2026 PPR season projections,2026-08-26T14:20:48.803565+00:00
Savion Williams,GB,WR,51.880,3.052,0.000,149.840,123101,314,112,15,170.2,11,,,Nathan,PPR,PFF 2026 PPR season projections,2026-08-26T14:20:48.803565+00:00
Emmett Johnson,KC,RB,51.670,3.039,0.000,154.370,156473,249,70,10,170,5,rookie,,Nathan,PPR,PFF 2026 PPR season projections,2026-08-26T14:20:48.803565+00:00
Keon Coleman,BUF,WR,51.660,3.039,0.000,149.630,144949,276,100,14,170.5,7,,,Nathan,PPR,PFF 2026 PPR season projections,2026-08-26T14:20:48.803565+00:00
Cole Kmet,CHI,TE,51.520,3.031,0.000,130.130,60995,338,41,9,169.7,10,,,Nathan,PPR,PFF 2026 PPR season projections,2026-08-26T14:20:48.803565+00:00
Tommy Tremble,CAR,TE,51.230,3.014,0.000,129.840,84025,500,62,11,169.9,5,,,Nathan,PPR,PFF 2026 PPR season projections,2026-08-26T14:20:48.803565+00:00
Tyler Higbee,LAR,TE,50.680,2.981,0.000,129.290,10744,424,51,10,169.9,11,bust,,Nathan,PPR,PFF 2026 PPR season projections,2026-08-26T14:20:48.803565+00:00
Chris Brooks,GB,RB,49.760,2.927,0.000,152.450,83644,267,77,10,170.3,11,,,Nathan,PPR,PFF 2026 PPR season projections,2026-08-26T14:20:48.803565+00:00
Jackson Hawes,BUF,TE,49.600,2.918,0.000,128.210,109374,481,58,11,170,7,,,Nathan,PPR,PFF 2026 PPR season projections,2026-08-26T14:20:48.803565+00:00
Jalen Reagor,MIA,WR,49.010,2.883,0.000,146.970,61697,349,126,15,170,6,,,Nathan,PPR,PFF 2026 PPR season projections,2026-08-26T14:20:48.803565+00:00
Ashton Dulin,IND,WR,48.440,2.849,0.000,146.400,91479,324,116,15,170,13,,,Nathan,PPR,PFF 2026 PPR season projections,2026-08-26T14:20:48.803565+00:00
Jalen Royals,KC,WR,47.600,2.800,0.000,145.570,163442,403,148,15,170,5,,,Nathan,PPR,PFF 2026 PPR season projections,2026-08-26T14:20:48.803565+00:00
Kimani Vidal,LAC,RB,46.910,2.759,0.000,149.600,123727,251,71,10,170.9,7,,,Nathan,PPR,PFF 2026 PPR season projections,2026-08-26T14:20:48.803565+00:00
Jalen Tolbert,MIA,WR,46.820,2.754,0.000,144.780,61637,336,121,15,170.5,6,,"Tolbert never locked down a consistent role in Dallas, peaking in 2024 before falling behind on the depth chart in 2025, and a move to Miami gives him a genuine opening.

The Dolphins gutted their receiver room, moving on from Tyreek Hill and Jaylen Waddle and leaving Malik Washington as the only notable holdover, so Tolbert steps into a wide-open competition among six receivers.

Through the first two preseason games, he appears to be competing with Jalen Reagor for the third spot on the depth chart. Tolbert should remain off fantasy rosters until he can re-gain a full time role.",Nathan,PPR,PFF 2026 PPR season projections,2026-08-26T14:20:48.803565+00:00
Oronde Gadsden II,LAC,TE,46.670,2.745,0.000,125.280,144046,305,37,9,170.1,7,,"Gadsden flashed as a rookie, leading all tight ends in fantasy points during a Weeks 6-9 tear before hitting a rookie wall. His 2026 setup is mixed: new coordinator Mike McDaniel runs a faster, more pass-heavy scheme that fits his athletic profile, but the Chargers added Charlie Kolar and David Njoku, crowding the position and threatening his snaps.

Both were among the starters who rested during the first week of the preseason, while Gadsden played with the backups, confirming Kolar and Njoku will have significant roles.

There's still a breakout path if he settles into the receiving role while the others handle blocking and hybrid duties, though the playing time is a genuine question. He's an intriguing dynasty target for the patient and only a late-round pick in redraft.",Nathan,PPR,PFF 2026 PPR season projections,2026-08-26T14:20:48.803565+00:00
Mack Hollins,NE,WR,46.520,2.736,0.000,144.480,11873,371,135,15,169.9,11,bust,,Nathan,PPR,PFF 2026 PPR season projections,2026-08-26T14:20:48.803565+00:00
Konata Mumpfield,LAR,WR,44.710,2.630,0.000,142.670,145598,339,122,15,170,11,,,Nathan,PPR,PFF 2026 PPR season projections,2026-08-26T14:20:48.803565+00:00
Trevor Etienne,CAR,RB,44.130,2.596,0.000,146.820,157730,286,84,11,170,5,,,Nathan,PPR,PFF 2026 PPR season projections,2026-08-26T14:20:48.803565+00:00
Jordan Whittington,LAR,WR,43.230,2.543,0.000,141.190,97623,356,129,15,170,11,,,Nathan,PPR,PFF 2026 PPR season projections,2026-08-26T14:20:48.803565+00:00
Will Kacmarek,MIA,TE,43.210,2.542,0.000,121.820,145896,389,47,10,170,6,rookie,,Nathan,PPR,PFF 2026 PPR season projections,2026-08-26T14:20:48.803565+00:00
Austin Hooper,ATL,TE,43.180,2.540,0.000,121.800,10715,509,64,11,170,11,,,Nathan,PPR,PFF 2026 PPR season projections,2026-08-26T14:20:48.803565+00:00
Nicholas Singleton,TEN,RB,43.040,2.532,0.000,145.730,164188,259,74,10,170.4,9,rookie,,Nathan,PPR,PFF 2026 PPR season projections,2026-08-26T14:20:48.803565+00:00
Oscar Delp,NO,TE,42.940,2.526,0.000,121.550,157080,475,57,11,170,8,rookie,,Nathan,PPR,PFF 2026 PPR season projections,2026-08-26T14:20:48.803565+00:00
Cade Klubnik,NYJ,QB,42.880,2.522,0.000,162.250,156253,490,56,9,170,13,rookie,,Nathan,PPR,PFF 2026 PPR season projections,2026-08-26T14:20:48.803565+00:00
Colbie Young,CIN,WR,42.470,2.498,0.000,140.440,162739,306,108,14,170,6,rookie,,Nathan,PPR,PFF 2026 PPR season projections,2026-08-26T14:20:48.803565+00:00
Tyler Badie,DEN,RB,41.230,2.425,0.000,143.930,83714,455,122,13,170.1,10,,,Nathan,PPR,PFF 2026 PPR season projections,2026-08-26T14:20:48.803565+00:00
Dont'e Thornton Jr.,LV,WR,41.150,2.421,0.000,139.110,146547,365,132,15,170,13,,,Nathan,PPR,PFF 2026 PPR season projections,2026-08-26T14:20:48.803565+00:00
Josh Williams,TB,RB,40.770,2.398,0.000,143.470,99171,354,98,12,169.9,10,,,Nathan,PPR,PFF 2026 PPR season projections,2026-08-26T14:20:48.803565+00:00
Ollie Gordon II,MIA,RB,40.500,2.382,0.000,143.200,157792,277,81,11,170.6,6,,,Nathan,PPR,PFF 2026 PPR season projections,2026-08-26T14:20:48.803565+00:00
Mason Rudolph,PIT,QB,40.220,2.366,0.000,159.590,46569,447,49,9,170,9,,,Nathan,PPR,PFF 2026 PPR season projections,2026-08-26T14:20:48.803565+00:00
Mitchell Evans,CAR,TE,38.610,2.271,0.000,117.220,147486,495,61,11,170,5,,,Nathan,PPR,PFF 2026 PPR season projections,2026-08-26T14:20:48.803565+00:00
Jordan James,SF,RB,38.580,2.269,0.000,141.270,163295,247,69,10,170.9,8,,"James spent his rookie year buried on the depth chart, sitting as a healthy inactive for 15 weeks before earning a special teams role late, with his only offensive touches coming in a playoff blowout.

Brian Robinson Jr. is gone, but San Francisco drafted Kaelon Black in the third round, leaving James in a direct camp battle for the backup job behind Christian McCaffrey. That job matters, since McCaffrey has missed significant time in three of the past five seasons.

James has missed most of training camp with fractured ribs, which has made it difficult for him to win the backup job. He is no longer a late round pick, as we are unlikely to know where he sits relative to Black until after WEek 1.",Nathan,PPR,PFF 2026 PPR season projections,2026-08-26T14:20:48.803565+00:00
Josh Whyle,GB,TE,38.570,2.269,0.000,117.180,54037,486,59,11,170,11,,,Nathan,PPR,PFF 2026 PPR season projections,2026-08-26T14:20:48.803565+00:00
Elijah Higgins,ARI,TE,38.150,2.244,0.000,116.760,98027,432,52,10,170,14,,,Nathan,PPR,PFF 2026 PPR season projections,2026-08-26T14:20:48.803565+00:00
Joe Flacco,CIN,QB,38.040,2.238,0.000,157.420,4332,385,42,8,169.9,6,bust,,Nathan,PPR,PFF 2026 PPR season projections,2026-08-26T14:20:48.803565+00:00
Adam Randall,BAL,RB,37.880,2.228,0.000,140.570,156252,279,82,11,170.4,13,rookie,,Nathan,PPR,PFF 2026 PPR season projections,2026-08-26T14:20:48.803565+00:00
Joe Milton III,DAL,QB,37.590,2.211,0.000,156.970,82151,488,55,9,169.9,14,,"Joe Milton, a 2024 sixth-round pick of the New England Patriots, served as a rookie third-stringer before playing nearly every snap in Week 18 against the Buffalo Bills, where his 95.

8 offensive grade was the third-best by a quarterback in any game that season. Dallas traded for him to be the primary backup, and he attempted 24 passes over four games, most of them in that Week 18 finale.

The Cowboys then traded for Sam Howell to compete with Joe Milton for the backup job, but if Milton wins it, he is one of the better backup options given Dallas' willingness to throw and the talent around him.",Nathan,PPR,PFF 2026 PPR season projections,2026-08-26T14:20:48.803565+00:00
Matthew Hibner,BAL,TE,37.510,2.206,0.000,116.120,129581,491,60,11,170,13,rookie,,Nathan,PPR,PFF 2026 PPR season projections,2026-08-26T14:20:48.803565+00:00
Ben Sinnott,WAS,TE,37.180,2.187,0.000,115.790,122616,441,53,10,170,7,,,Nathan,PPR,PFF 2026 PPR season projections,2026-08-26T14:20:48.803565+00:00
Jameis Winston,NYG,QB,37.010,2.177,0.000,156.390,9434,375,41,8,169.9,8,,,Nathan,PPR,PFF 2026 PPR season projections,2026-08-26T14:20:48.803565+00:00
Nate Boerkircher,JAX,TE,36.790,2.164,0.000,115.410,129676,466,56,11,170,7,rookie,,Nathan,PPR,PFF 2026 PPR season projections,2026-08-26T14:20:48.803565+00:00
Brenen Thompson,LAC,WR,36.700,2.159,0.000,134.670,163865,309,110,14,170,7,rookie,,Nathan,PPR,PFF 2026 PPR season projections,2026-08-26T14:20:48.803565+00:00
LaJohntay Wester,BAL,WR,36.610,2.154,0.000,134.570,123616,416,153,15,170,13,,,Nathan,PPR,PFF 2026 PPR season projections,2026-08-26T14:20:48.803565+00:00
Marlin Klein,HOU,TE,36.320,2.136,0.000,114.930,162818,415,50,10,170,8,rookie,,Nathan,PPR,PFF 2026 PPR season projections,2026-08-26T14:20:48.803565+00:00
Tanner Koziol,JAX,TE,35.770,2.104,0.000,114.380,156895,458,55,11,170,7,rookie,,Nathan,PPR,PFF 2026 PPR season projections,2026-08-26T14:20:48.803565+00:00
Eli Raridon,NE,TE,35.590,2.094,0.000,114.200,156970,406,49,10,169.9,11,rookie,,Nathan,PPR,PFF 2026 PPR season projections,2026-08-26T14:20:48.803565+00:00
Tez Johnson,TB,WR,35.450,2.085,0.000,133.410,123709,353,128,15,170,10,,,Nathan,PPR,PFF 2026 PPR season projections,2026-08-26T14:20:48.803565+00:00
Elic Ayomanor,TEN,WR,35.420,2.084,0.000,133.380,157263,307,109,14,170,9,,,Nathan,PPR,PFF 2026 PPR season projections,2026-08-26T14:20:48.803565+00:00
Barion Brown,NO,WR,35.340,2.079,0.000,133.300,163779,382,139,15,170,8,rookie,,Nathan,PPR,PFF 2026 PPR season projections,2026-08-26T14:20:48.803565+00:00
Kyle Williams,NE,WR,34.940,2.055,0.000,132.900,128374,418,154,15,169.9,11,,,Nathan,PPR,PFF 2026 PPR season projections,2026-08-26T14:20:48.803565+00:00
Mac Jones,SF,QB,34.940,2.055,0.000,154.310,60323,368,40,8,170,8,,,Nathan,PPR,PFF 2026 PPR season projections,2026-08-26T14:20:48.803565+00:00
Skyler Bell,BUF,WR,34.760,2.045,0.000,132.730,145163,369,134,15,170,7,rookie,,Nathan,PPR,PFF 2026 PPR season projections,2026-08-26T14:20:48.803565+00:00
Jaydon Blue,DAL,RB,34.490,2.029,0.000,137.180,157303,261,75,10,170.5,14,,"Blue was a fifth-round pick by Dallas in 2025 and a common sleeper, since many thought he could win the starting job ahead of Javonte Williams and Miles Sanders, but he opened the year behind both and was often a healthy inactive on a roster that usually kept only three active backs plus fullback Hunter Luepke.

A Sanders injury gave him limited run from Weeks 5 to 8, where he managed 22 carries for 65 yards and a catch before losing the backup job to Malik Davis, though he flashed in Week 18 with 16 carries for 64 yards and a touchdown.

Brian Schottenheimer has praised his second-year approach as “night and day,” and Dallas seems to want Blue to win the backup job over Davis and Phil Mafah. While Blue started the first presesaon game, he played behind Davis in the second game. He should be avoided unless he can earn the backup running back job.",Nathan,PPR,PFF 2026 PPR season projections,2026-08-26T14:20:48.803565+00:00
Isaiah Bond,CLE,WR,34.120,2.007,0.000,132.080,163586,285,104,14,170,11,,,Nathan,PPR,PFF 2026 PPR season projections,2026-08-26T14:20:48.803565+00:00
Brycen Tremayne,CAR,WR,34.060,2.004,0.000,132.020,84425,410,150,15,170,5,,,Nathan,PPR,PFF 2026 PPR season projections,2026-08-26T14:20:48.803565+00:00
Noah Fant,NO,TE,34.040,2.002,0.000,112.650,42388,398,48,10,170,8,,,Nathan,PPR,PFF 2026 PPR season projections,2026-08-26T14:20:48.803565+00:00
Kendre Miller,NO,RB,33.550,1.974,0.000,136.240,123091,311,88,11,170.2,8,,,Nathan,PPR,PFF 2026 PPR season projections,2026-08-26T14:20:48.803565+00:00
Kaytron Allen,WAS,RB,33.450,1.968,0.000,136.140,164158,255,72,10,170.4,7,rookie,"Allen, a sixth-round pick with a punishing, tackle-breaking style but limited receiving and speed, profiles as a likely short-yardage and goal-line piece in a busy Washington backfield that also includes Jacory Croskey-Merritt, Rachaad White and Jeremy McNichols.

Allen has generated unusually strong buzz from coaches and beat writers during OTAs, but that has slowed during training camp. He will need to show he can take some playing time from Croskey-Merritt before being drafted in most leagues.

Even in the best case, sharing the backfield with White as the third-down back caps Allen as a low-end fantasy starter, making him a name worth drafting only if the training camp hype holds up.",Nathan,PPR,PFF 2026 PPR season projections,2026-08-26T14:20:48.803565+00:00
Daniel Bellinger,TEN,TE,33.240,1.955,0.000,111.860,84041,381,46,10,170,9,,,Nathan,PPR,PFF 2026 PPR season projections,2026-08-26T14:20:48.803565+00:00
Tai Felton,MIN,WR,32.340,1.902,0.000,130.300,144886,366,133,15,170,6,,,Nathan,PPR,PFF 2026 PPR season projections,2026-08-26T14:20:48.803565+00:00
Brandon Smith,PIT,WR,31.520,1.854,0.000,129.490,61327,503,189,15,170,9,,,Nathan,PPR,PFF 2026 PPR season projections,2026-08-26T14:20:48.803565+00:00
Greg Dortch,DET,WR,30.860,1.815,0.000,128.830,42237,359,130,15,170,6,,,Nathan,PPR,PFF 2026 PPR season projections,2026-08-26T14:20:48.803565+00:00
Tahj Brooks,CIN,RB,30.820,1.813,0.000,133.510,123133,281,83,11,170.2,6,,,Nathan,PPR,PFF 2026 PPR season projections,2026-08-26T14:20:48.803565+00:00
Marcus Mariota,WAS,QB,30.630,1.802,0.000,150.010,9435,357,39,8,170,7,,,Nathan,PPR,PFF 2026 PPR season projections,2026-08-26T14:20:48.803565+00:00
Zavion Thomas,CHI,WR,30.410,1.789,0.000,128.380,163697,319,114,15,170,10,rookie,,Nathan,PPR,PFF 2026 PPR season projections,2026-08-26T14:20:48.803565+00:00
Jawhar Jordan,HOU,RB,30.110,1.771,0.000,132.810,99595,304,86,11,170.2,8,,,Nathan,PPR,PFF 2026 PPR season projections,2026-08-26T14:20:48.803565+00:00
Anthony Richardson,IND,QB,29.260,1.721,0.000,148.640,124393,512,64,9,170,13,,,Nathan,PPR,PFF 2026 PPR season projections,2026-08-26T14:20:48.803565+00:00
Antonio Williams,WAS,WR,29.230,1.719,0.000,127.200,156241,465,173,15,170.8,7,rookie,"Williams is a polished slot receiver out of Clemson whose profile, a smaller frame and 11-personnel-only usage among comparable players, typically caps fantasy ceiling, though Zay Flowers and Jaylen Waddle show that outcome isn't universal.

He is competing for Washington's slot job over Jaylin Lane and Luke McCaffrey. He is currently behind them based on preseason usage. The Commanders wide receiver room now has two established starters in Terry McLaurin and Stefon Diggs.

The Diggs signing cost Williams his late-round sleeper appeal, leaving his path tied to passing several players on the depth chart and an injury to one of the two veterans, both of whom are in their 30s.",Nathan,PPR,PFF 2026 PPR season projections,2026-08-26T14:20:48.803565+00:00
Tyrod Taylor,GB,QB,29.070,1.710,0.000,148.450,6332,498,59,9,170,11,bust,,Nathan,PPR,PFF 2026 PPR season projections,2026-08-26T14:20:48.803565+00:00
Will Shipley,PHI,RB,28.660,1.686,0.000,131.350,144138,316,89,11,170.1,10,,,Nathan,PPR,PFF 2026 PPR season projections,2026-08-26T14:20:48.803565+00:00
Justin Watson,HOU,WR,28.390,1.670,0.000,126.350,66915,427,157,15,170,8,,,Nathan,PPR,PFF 2026 PPR season projections,2026-08-26T14:20:48.803565+00:00
Mitchell Tinsley,CIN,WR,28.360,1.668,0.000,126.320,123470,376,137,15,170,6,,,Nathan,PPR,PFF 2026 PPR season projections,2026-08-26T14:20:48.803565+00:00
Luke McCaffrey,WAS,WR,28.350,1.668,0.000,126.310,101634,345,125,15,169.9,7,,,Nathan,PPR,PFF 2026 PPR season projections,2026-08-26T14:20:48.803565+00:00
Jonathan Mingo,DAL,WR,28.320,1.666,0.000,126.290,97774,379,138,15,170,14,,,Nathan,PPR,PFF 2026 PPR season projections,2026-08-26T14:20:48.803565+00:00
Dyami Brown,WAS,WR,27.300,1.606,0.000,125.270,77986,360,131,15,170,7,,,Nathan,PPR,PFF 2026 PPR season projections,2026-08-26T14:20:48.803565+00:00
Carson Beck,ARI,QB,27.220,1.601,0.000,146.590,124010,330,36,8,169.9,14,rookie,,Nathan,PPR,PFF 2026 PPR season projections,2026-08-26T14:20:48.803565+00:00
LeQuint Allen,JAX,RB,26.990,1.588,0.000,129.680,158290,269,78,10,170.4,7,,,Nathan,PPR,PFF 2026 PPR season projections,2026-08-26T14:20:48.803565+00:00
Laquon Treadwell,IND,WR,26.890,1.582,0.000,124.850,10657,439,162,15,170,13,,,Nathan,PPR,PFF 2026 PPR season projections,2026-08-26T14:20:48.803565+00:00
Jake Browning,TB,QB,26.850,1.579,0.000,146.230,46401,457,50,9,170,10,,,Nathan,PPR,PFF 2026 PPR season projections,2026-08-26T14:20:48.803565+00:00
Cedric Tillman,CLE,WR,26.620,1.566,0.000,124.580,84434,448,166,15,170,11,,,Nathan,PPR,PFF 2026 PPR season projections,2026-08-26T14:20:48.803565+00:00
Van Jefferson,WAS,WR,26.070,1.534,0.000,124.030,47447,431,159,15,170,7,,,Nathan,PPR,PFF 2026 PPR season projections,2026-08-26T14:20:48.803565+00:00
Tim Patrick,NYJ,WR,25.760,1.515,0.000,123.720,12087,401,147,15,170,13,bust,,Nathan,PPR,PFF 2026 PPR season projections,2026-08-26T14:20:48.803565+00:00
Tyler Huntley,BAL,QB,25.590,1.505,0.000,144.970,46448,412,45,8,170,13,,,Nathan,PPR,PFF 2026 PPR season projections,2026-08-26T14:20:48.803565+00:00
Jalen Brooks,ARI,WR,25.470,1.498,0.000,123.430,111284,411,151,15,170,14,,,Nathan,PPR,PFF 2026 PPR season projections,2026-08-26T14:20:48.803565+00:00
Kevin Coleman Jr.,MIA,WR,25.140,1.479,0.000,123.100,160756,414,152,15,170,6,rookie,,Nathan,PPR,PFF 2026 PPR season projections,2026-08-26T14:20:48.803565+00:00
Devin Singletary,NYG,RB,24.980,1.469,0.000,127.670,40485,187,63,10,170,8,,"Singletary spent four years with the Buffalo Bills, one with the Houston Texans, and the last two with the New York Giants. In New York, he has been a role player, eventually losing his starting job to Tyrone Tracy Jr., and then falling to third on the depth chart when Cam Skattebo.

He was part of a three man rotation with the starters in their first preseason game, suggesting he would see more playing time than a typical third back. New York signed Najee Harris, which further complicated the running back rotation.

Singletary played ahead of Tracy in the second preseason game. Considering Singletary is currently ahead of Tracy, and both Skattebo and Harris missed the end of last season due to injury, it’s entirely possible there are weeks where Singeltary is New York’s lead running back this season.",Nathan,PPR,PFF 2026 PPR season projections,2026-08-26T14:20:48.803565+00:00
Kenny Pickett,CAR,QB,24.790,1.458,0.000,144.170,60515,493,57,9,170,5,,,Nathan,PPR,PFF 2026 PPR season projections,2026-08-26T14:20:48.803565+00:00
J.J. McCarthy,MIN,QB,24.760,1.456,0.000,144.140,144918,350,38,8,169.7,6,,,Nathan,PPR,PFF 2026 PPR season projections,2026-08-26T14:20:48.803565+00:00
Simi Fehoko,ARI,WR,24.680,1.452,0.000,122.640,84424,454,168,15,170,14,,,Nathan,PPR,PFF 2026 PPR season projections,2026-08-26T14:20:48.803565+00:00
Quinn Ewers,MIA,QB,24.580,1.446,0.000,143.960,127253,501,60,9,170,6,,,Nathan,PPR,PFF 2026 PPR season projections,2026-08-26T14:20:48.803565+00:00
Andy Dalton,PHI,QB,24.480,1.440,0.000,143.860,6187,485,54,9,170,10,bust,,Nathan,PPR,PFF 2026 PPR season projections,2026-08-26T14:20:48.803565+00:00
Jarrett Stidham,DEN,QB,24.480,1.440,0.000,143.860,13725,430,47,9,170,10,,,Nathan,PPR,PFF 2026 PPR season projections,2026-08-26T14:20:48.803565+00:00
Xavier Smith,LAR,WR,24.440,1.438,0.000,122.400,102585,384,140,15,170,11,,,Nathan,PPR,PFF 2026 PPR season projections,2026-08-26T14:20:48.803565+00:00
Malik Benson,LV,WR,23.990,1.411,0.000,121.950,169698,331,119,15,170,13,rookie,,Nathan,PPR,PFF 2026 PPR season projections,2026-08-26T14:20:48.803565+00:00
Tyler Goodson,ATL,RB,23.510,1.383,0.000,126.200,101659,332,93,11,170,11,,,Nathan,PPR,PFF 2026 PPR season projections,2026-08-26T14:20:48.803565+00:00
Davis Mills,HOU,QB,23.380,1.375,0.000,142.760,52269,419,46,9,170,8,,,Nathan,PPR,PFF 2026 PPR season projections,2026-08-26T14:20:48.803565+00:00
James Conner,ARI,RB,23.310,1.371,0.000,126.010,11860,177,60,10,170.2,14,bust,"Conner has been one of the more productive backs in football when healthy, posting his two best seasons at ages 28 and 29 and finishing top-13 in fantasy points per game in four straight years with Arizona.

A foot and ankle injury limited him to three games in 2025, and the Cardinals responded by adding Jeremiyah Love and Tyler Allgeier ahead of him. He now has no clear route to touches in Arizona unless Love's high ankle sprain continues to bother him, and Allgeier also suffers an injury.

He may not even survive roster cuts, so his fantasy case rests almost entirely on landing somewhere else. That makes him a smart flier in leagues that force you to start a kicker or defense without forcing you to draft one, since you can hold him through camp and cut him if nothing changes.",Nathan,PPR,PFF 2026 PPR season projections,2026-08-26T14:20:48.803565+00:00
Demond Claiborne,MIN,RB,23.270,1.369,0.000,125.970,157523,257,73,10,170.4,6,rookie,"Claiborne is an undersized, change-of-direction rookie who profiles as a pass-catching specialist in the mold of Justice Hill, a role that has produced fantasy value for players like Kenneth Gainwell.

He landed in Minnesota behind Aaron Jones and Jordan Mason, with Jones as his more direct competition for receiving work. However, Jones' age, recent injury history and declining efficiency open a path for Claiborne to take over that role at some point this season.

Even then, Claiborne would likely only absorb part of Jones' workload rather than inherit it outright, capping his redraft value. A strong rookie season could set him up for a bigger role in 2027, when neither Jones nor Mason is under contract. He's a fine dynasty stash, best drafted only in deep redraft leagues.",Nathan,PPR,PFF 2026 PPR season projections,2026-08-26T14:20:48.803565+00:00
Josh Cameron,JAX,WR,22.670,1.334,0.000,120.630,144513,388,142,15,170,7,rookie,,Nathan,PPR,PFF 2026 PPR season projections,2026-08-26T14:20:48.803565+00:00
Jimmy Horn Jr.,CAR,WR,21.920,1.289,0.000,119.880,144483,477,177,15,170,5,,,Nathan,PPR,PFF 2026 PPR season projections,2026-08-26T14:20:48.803565+00:00
Kyle Allen,BUF,QB,21.910,1.289,0.000,141.290,26152,483,53,9,170,7,,,Nathan,PPR,PFF 2026 PPR season projections,2026-08-26T14:20:48.803565+00:00
KeAndre Lambert-Smith,LAC,WR,21.830,1.284,0.000,119.800,129789,373,136,15,170,7,,,Nathan,PPR,PFF 2026 PPR season projections,2026-08-26T14:20:48.803565+00:00
Devin Duvernay,ARI,WR,20.710,1.218,0.000,118.670,40006,511,192,15,170,14,,,Nathan,PPR,PFF 2026 PPR season projections,2026-08-26T14:20:48.803565+00:00
Drew Lock,SEA,QB,19.950,1.174,0.000,139.330,39517,474,52,9,170,11,,,Nathan,PPR,PFF 2026 PPR season projections,2026-08-26T14:20:48.803565+00:00
Nick Mullens,JAX,QB,18.740,1.102,0.000,138.120,12282,440,48,9,170,7,,,Nathan,PPR,PFF 2026 PPR season projections,2026-08-26T14:20:48.803565+00:00
Ben Skowronek,PIT,WR,17.440,1.026,0.000,115.400,27948,399,146,15,170,9,,,Nathan,PPR,PFF 2026 PPR season projections,2026-08-26T14:20:48.803565+00:00
Seth McGowan,IND,RB,17.360,1.021,0.000,120.050,122936,226,65,10,170.2,13,rookie,,Nathan,PPR,PFF 2026 PPR season projections,2026-08-26T14:20:48.803565+00:00
Efton Chism III,NE,WR,17.340,1.020,0.000,115.300,141521,390,143,15,169.9,11,,,Nathan,PPR,PFF 2026 PPR season projections,2026-08-26T14:20:48.803565+00:00
Skyy Moore,GB,WR,16.260,0.956,0.000,114.220,97116,428,158,15,170,11,,,Nathan,PPR,PFF 2026 PPR season projections,2026-08-26T14:20:48.803565+00:00
Dylan Laube,LV,RB,16.140,0.949,0.000,118.830,88664,325,91,11,170.1,13,,,Nathan,PPR,PFF 2026 PPR season projections,2026-08-26T14:20:48.803565+00:00
Demarcus Robinson,SF,WR,15.320,0.901,0.000,113.280,10760,278,101,14,170,8,,,Nathan,PPR,PFF 2026 PPR season projections,2026-08-26T14:20:48.803565+00:00
Jeremy McNichols,WAS,RB,15.120,0.889,0.000,117.810,11917,367,101,12,170,7,bust,,Nathan,PPR,PFF 2026 PPR season projections,2026-08-26T14:20:48.803565+00:00
Cody White,SEA,WR,14.470,0.851,0.000,112.430,61448,442,163,15,170,11,,,Nathan,PPR,PFF 2026 PPR season projections,2026-08-26T14:20:48.803565+00:00
Emanuel Wilson,SEA,RB,14.360,0.845,0.000,50.610,154173,275,80,11,170.2,11,,,Nathan,PPR,PFF 2026 PPR season projections,2026-08-26T14:20:48.803565+00:00
Lew Nichols,PIT,RB,13.840,0.814,0.000,116.530,97187,459,123,13,170,9,,,Nathan,PPR,PFF 2026 PPR season projections,2026-08-26T14:20:48.803565+00:00
Tom Kennedy,DET,WR,13.600,0.800,0.000,111.570,94379,463,172,15,170,6,,,Nathan,PPR,PFF 2026 PPR season projections,2026-08-26T14:20:48.803565+00:00
Odell Beckham Jr.,NYG,WR,13.520,0.795,0.000,111.480,8647,341,123,15,169.4,8,bust,,Nathan,PPR,PFF 2026 PPR season projections,2026-08-26T14:20:48.803565+00:00
Kaden Wetjen,PIT,WR,13.290,0.782,0.000,111.250,156448,502,188,15,170,9,rookie,,Nathan,PPR,PFF 2026 PPR season projections,2026-08-26T14:20:48.803565+00:00
Sione Vaki,DET,RB,12.870,0.757,0.000,115.560,158505,342,95,12,170,6,,,Nathan,PPR,PFF 2026 PPR season projections,2026-08-26T14:20:48.803565+00:00
Myles Price,MIN,WR,12.570,0.739,0.000,110.530,123155,405,149,15,170,6,,,Nathan,PPR,PFF 2026 PPR season projections,2026-08-26T14:20:48.803565+00:00
Xavier Restrepo,TEN,WR,12.420,0.731,0.000,110.390,122220,456,169,15,170,9,,,Nathan,PPR,PFF 2026 PPR season projections,2026-08-26T14:20:48.803565+00:00
Mitch Trubisky,TEN,QB,12.380,0.728,0.000,131.760,11757,504,61,9,170,9,,,Nathan,PPR,PFF 2026 PPR season projections,2026-08-26T14:20:48.803565+00:00
Lan Larison,NE,RB,12.110,0.712,0.000,114.800,142157,351,97,12,170,11,,,Nathan,PPR,PFF 2026 PPR season projections,2026-08-26T14:20:48.803565+00:00
Rasheen Ali,BAL,RB,11.860,0.698,0.000,114.550,121717,328,92,11,170.1,13,,,Nathan,PPR,PFF 2026 PPR season projections,2026-08-26T14:20:48.803565+00:00
Trey Lance,LAC,QB,11.230,0.661,0.000,130.610,91399,395,43,8,170,7,,,Nathan,PPR,PFF 2026 PPR season projections,2026-08-26T14:20:48.803565+00:00
Raheim Sanders,CLE,RB,11.170,0.657,0.000,113.870,146626,337,94,12,170,11,,,Nathan,PPR,PFF 2026 PPR season projections,2026-08-26T14:20:48.803565+00:00
Dylan Drummond,ATL,WR,10.010,0.589,0.000,107.970,78187,461,171,15,170,11,,,Nathan,PPR,PFF 2026 PPR season projections,2026-08-26T14:20:48.803565+00:00
Reggie Virgil,ARI,WR,9.720,0.572,0.000,107.680,158022,497,186,15,170,14,rookie,,Nathan,PPR,PFF 2026 PPR season projections,2026-08-26T14:20:48.803565+00:00
Jahdae Walker,CHI,WR,9.190,0.541,0.000,107.150,175944,386,141,15,170,10,,,Nathan,PPR,PFF 2026 PPR season projections,2026-08-26T14:20:48.803565+00:00
Nick Westbrook-Ikhine,IND,WR,9.150,0.538,0.000,107.120,47861,421,155,15,170,13,,,Nathan,PPR,PFF 2026 PPR season projections,2026-08-26T14:20:48.803565+00:00
Elijah Moore,PHI,WR,8.700,0.512,0.000,106.660,84302,397,145,15,170,10,,,Nathan,PPR,PFF 2026 PPR season projections,2026-08-26T14:20:48.803565+00:00
Roschon Johnson,CHI,RB,8.490,0.499,0.000,111.190,99467,320,90,11,170,10,,,Nathan,PPR,PFF 2026 PPR season projections,2026-08-26T14:20:48.803565+00:00
Devin Neal,NO,RB,8.110,0.477,0.000,110.810,144558,370,102,12,170,8,,,Nathan,PPR,PFF 2026 PPR season projections,2026-08-26T14:20:48.803565+00:00
Tommy DeVito,NE,QB,8.000,0.471,0.000,127.370,60545,464,51,9,169.9,11,,,Nathan,PPR,PFF 2026 PPR season projections,2026-08-26T14:20:48.803565+00:00
Derius Davis,LAC,WR,7.050,0.415,0.000,105.010,78196,446,165,15,170,7,,,Nathan,PPR,PFF 2026 PPR season projections,2026-08-26T14:20:48.803565+00:00
Lil'Jordan Humphrey,DEN,WR,6.820,0.401,0.000,104.790,42247,473,176,15,169.9,10,,,Nathan,PPR,PFF 2026 PPR season projections,2026-08-26T14:20:48.803565+00:00
Ronnie Rivers,LAR,RB,6.070,0.357,0.000,108.770,57208,344,96,12,170,11,,,Nathan,PPR,PFF 2026 PPR season projections,2026-08-26T14:20:48.803565+00:00
Gardner Minshew,ARI,QB,4.700,0.276,0.000,124.080,41401,496,58,9,170,14,,,Nathan,PPR,PFF 2026 PPR season projections,2026-08-26T14:20:48.803565+00:00
Darius Cooper,PHI,WR,4.480,0.264,0.000,102.440,136866,434,160,15,170,10,,,Nathan,PPR,PFF 2026 PPR season projections,2026-08-26T14:20:48.803565+00:00
Tyson Bagent,CHI,QB,4.140,0.244,0.000,123.520,169628,402,44,8,170,10,,,Nathan,PPR,PFF 2026 PPR season projections,2026-08-26T14:20:48.803565+00:00
Bo Melton,GB,WR,4.070,0.239,0.000,102.030,61610,394,144,15,170,11,,,Nathan,PPR,PFF 2026 PPR season projections,2026-08-26T14:20:48.803565+00:00
AJ Dillon,CAR,RB,3.360,0.198,0.000,106.060,57165,413,112,13,170,5,,,Nathan,PPR,PFF 2026 PPR season projections,2026-08-26T14:20:48.803565+00:00
Michael Carter,TEN,RB,3.170,0.186,0.000,105.860,57337,426,115,13,170,9,,,Nathan,PPR,PFF 2026 PPR season projections,2026-08-26T14:20:48.803565+00:00
Jaylin Lane,WAS,WR,3.060,0.180,0.000,101.020,121811,484,181,15,170,7,,,Nathan,PPR,PFF 2026 PPR season projections,2026-08-26T14:20:48.803565+00:00
Braxton Berrios,NYG,WR,2.710,0.159,0.000,100.670,47961,451,167,15,170,8,,,Nathan,PPR,PFF 2026 PPR season projections,2026-08-26T14:20:48.803565+00:00
Jacob Cowing,SF,WR,2.640,0.155,0.000,100.600,100894,444,164,15,170,8,,,Nathan,PPR,PFF 2026 PPR season projections,2026-08-26T14:20:48.803565+00:00
Brashard Smith,KC,RB,1.260,0.074,0.000,103.950,143951,433,117,13,170.1,5,,,Nathan,PPR,PFF 2026 PPR season projections,2026-08-26T14:20:48.803565+00:00
Kene Nwangwu,NYJ,RB,1.110,0.065,0.000,103.800,40547,450,121,13,170.1,13,,,Nathan,PPR,PFF 2026 PPR season projections,2026-08-26T14:20:48.803565+00:00
Jacob Saylors,DET,RB,0.940,0.055,0.000,103.640,87559,374,103,12,170,6,,,Nathan,PPR,PFF 2026 PPR season projections,2026-08-26T14:20:48.803565+00:00
Isaac Guerendo,SF,RB,0.830,0.049,0.000,103.530,83806,404,110,12,170.1,8,,,Nathan,PPR,PFF 2026 PPR season projections,2026-08-26T14:20:48.803565+00:00
Kaleb Johnson,PIT,RB,0.830,0.049,0.000,103.520,156419,358,99,12,170.1,9,,,Nathan,PPR,PFF 2026 PPR season projections,2026-08-26T14:20:48.803565+00:00
